ARM GAS  C:\Users\gabri\AppData\Local\Temp\cc2CDetW.s 			page 1


   1              		.cpu cortex-m4
   2              		.arch armv7e-m
   3              		.fpu fpv4-sp-d16
   4              		.eabi_attribute 27, 1
   5              		.eabi_attribute 28, 1
   6              		.eabi_attribute 20, 1
   7              		.eabi_attribute 21, 1
   8              		.eabi_attribute 23, 3
   9              		.eabi_attribute 24, 1
  10              		.eabi_attribute 25, 1
  11              		.eabi_attribute 26, 1
  12              		.eabi_attribute 30, 1
  13              		.eabi_attribute 34, 1
  14              		.eabi_attribute 18, 4
  15              		.file	"main.c"
  16              		.text
  17              	.Ltext0:
  18              		.cfi_sections	.debug_frame
  19              		.file 1 "Core/Src/main.c"
  20              		.section	.text.MX_GPIO_Init,"ax",%progbits
  21              		.align	1
  22              		.syntax unified
  23              		.thumb
  24              		.thumb_func
  26              	MX_GPIO_Init:
  27              	.LFB247:
   1:Core/Src/main.c **** /* USER CODE BEGIN Header */
   2:Core/Src/main.c **** /**
   3:Core/Src/main.c ****   ******************************************************************************
   4:Core/Src/main.c ****   * @file           : main.c
   5:Core/Src/main.c ****   * @brief          : Main program body
   6:Core/Src/main.c ****   ******************************************************************************
   7:Core/Src/main.c ****   * @attention
   8:Core/Src/main.c ****   *
   9:Core/Src/main.c ****   * Copyright (c) 2025 STMicroelectronics.
  10:Core/Src/main.c ****   * All rights reserved.
  11:Core/Src/main.c ****   *
  12:Core/Src/main.c ****   * This software is licensed under terms that can be found in the LICENSE file
  13:Core/Src/main.c ****   * in the root directory of this software component.
  14:Core/Src/main.c ****   * If no LICENSE file comes with this software, it is provided AS-IS.
  15:Core/Src/main.c ****   *
  16:Core/Src/main.c ****   ******************************************************************************
  17:Core/Src/main.c ****   */
  18:Core/Src/main.c **** /* USER CODE END Header */
  19:Core/Src/main.c **** /* Includes ------------------------------------------------------------------*/
  20:Core/Src/main.c **** #include "main.h"
  21:Core/Src/main.c **** 
  22:Core/Src/main.c **** 
  23:Core/Src/main.c **** 
  24:Core/Src/main.c **** /* Private includes ----------------------------------------------------------*/
  25:Core/Src/main.c **** /* USER CODE BEGIN Includes */
  26:Core/Src/main.c **** #include <string.h>
  27:Core/Src/main.c **** #include <stdio.h>
  28:Core/Src/main.c **** //#include "trian_adc_driver.h"
  29:Core/Src/main.c **** /* USER CODE END Includes */
  30:Core/Src/main.c **** 
  31:Core/Src/main.c **** /* Private typedef -----------------------------------------------------------*/
ARM GAS  C:\Users\gabri\AppData\Local\Temp\cc2CDetW.s 			page 2


  32:Core/Src/main.c **** /* USER CODE BEGIN PTD */
  33:Core/Src/main.c **** 
  34:Core/Src/main.c **** /* USER CODE END PTD */
  35:Core/Src/main.c **** 
  36:Core/Src/main.c **** /* Private define ------------------------------------------------------------*/
  37:Core/Src/main.c **** /* USER CODE BEGIN PD */
  38:Core/Src/main.c **** 
  39:Core/Src/main.c **** #ifndef bool
  40:Core/Src/main.c **** #define bool    uint8_t
  41:Core/Src/main.c **** #endif
  42:Core/Src/main.c **** 
  43:Core/Src/main.c **** #ifndef true
  44:Core/Src/main.c **** #define true    1
  45:Core/Src/main.c **** #endif
  46:Core/Src/main.c **** 
  47:Core/Src/main.c **** #ifndef false
  48:Core/Src/main.c **** #define false   0
  49:Core/Src/main.c **** #endif
  50:Core/Src/main.c **** 
  51:Core/Src/main.c **** /* USER CODE END PD */
  52:Core/Src/main.c **** 
  53:Core/Src/main.c **** /* Private macro -------------------------------------------------------------*/
  54:Core/Src/main.c **** /* USER CODE BEGIN PM */
  55:Core/Src/main.c **** 
  56:Core/Src/main.c **** /* USER CODE END PM */
  57:Core/Src/main.c **** 
  58:Core/Src/main.c **** /* Private variables ---------------------------------------------------------*/
  59:Core/Src/main.c **** ADC_HandleTypeDef hadc1;
  60:Core/Src/main.c **** 
  61:Core/Src/main.c **** I2C_HandleTypeDef hi2c1;
  62:Core/Src/main.c **** 
  63:Core/Src/main.c **** I2C_HandleTypeDef hi2c2;
  64:Core/Src/main.c **** 
  65:Core/Src/main.c **** UART_HandleTypeDef huart2;
  66:Core/Src/main.c **** 
  67:Core/Src/main.c **** SPI_HandleTypeDef hspi1;
  68:Core/Src/main.c **** 
  69:Core/Src/main.c **** /* USER CODE BEGIN PV */
  70:Core/Src/main.c **** static const uint16_t BH1750_ADDR = 0x23 << 1;
  71:Core/Src/main.c **** uint8_t buff[2];
  72:Core/Src/main.c **** 
  73:Core/Src/main.c **** /* USER CODE END PV */
  74:Core/Src/main.c **** 
  75:Core/Src/main.c **** /* Private function prototypes -----------------------------------------------*/
  76:Core/Src/main.c **** void SystemClock_Config(void);
  77:Core/Src/main.c **** static void MX_GPIO_Init(void);
  78:Core/Src/main.c **** static void MX_USART2_UART_Init(void);
  79:Core/Src/main.c **** static void MX_I2C1_Init(void);
  80:Core/Src/main.c **** static void MX_I2C2_Init(void);
  81:Core/Src/main.c **** static void MX_ADC1_Init(void);
  82:Core/Src/main.c **** static void MX_SPI1_Init(void);
  83:Core/Src/main.c **** /* USER CODE BEGIN PFP */
  84:Core/Src/main.c **** //void ADC_Init(void);
  85:Core/Src/main.c **** //void ADC_conversion(void);
  86:Core/Src/main.c **** //int ADC_read(void);
  87:Core/Src/main.c **** 
  88:Core/Src/main.c **** /* USER CODE END PFP */
ARM GAS  C:\Users\gabri\AppData\Local\Temp\cc2CDetW.s 			page 3


  89:Core/Src/main.c **** 
  90:Core/Src/main.c **** /* Private user code ---------------------------------------------------------*/
  91:Core/Src/main.c **** /* USER CODE BEGIN 0 */
  92:Core/Src/main.c **** 
  93:Core/Src/main.c **** /* USER CODE END 0 */
  94:Core/Src/main.c **** 
  95:Core/Src/main.c **** /**
  96:Core/Src/main.c ****   * @brief  The application entry point.
  97:Core/Src/main.c ****   * @retval int
  98:Core/Src/main.c ****   */
  99:Core/Src/main.c **** int main(void)
 100:Core/Src/main.c **** {
 101:Core/Src/main.c **** 
 102:Core/Src/main.c ****   /* USER CODE BEGIN 1 */
 103:Core/Src/main.c ****   
 104:Core/Src/main.c **** 
 105:Core/Src/main.c ****   /* USER CODE END 1 */
 106:Core/Src/main.c **** 
 107:Core/Src/main.c ****   /* MCU Configuration--------------------------------------------------------*/
 108:Core/Src/main.c **** 
 109:Core/Src/main.c ****   /* Reset of all peripherals, Initializes the Flash interface and the Systick. */
 110:Core/Src/main.c ****   HAL_Init();
 111:Core/Src/main.c **** 
 112:Core/Src/main.c ****   /* USER CODE BEGIN Init */
 113:Core/Src/main.c **** 
 114:Core/Src/main.c ****   uint8_t buf[12], i2c_buf[2], serialbuf[20];
 115:Core/Src/main.c ****   char str[32], str2[32];
 116:Core/Src/main.c ****   uint32_t analog_value;
 117:Core/Src/main.c ****   int size_len;
 118:Core/Src/main.c ****   uint16_t addr = 4;
 119:Core/Src/main.c ****   HAL_StatusTypeDef ret;
 120:Core/Src/main.c ****   uint16_t ADCData = 0;
 121:Core/Src/main.c ****   uint8_t pinValue = 1;
 122:Core/Src/main.c ****   
 123:Core/Src/main.c ****   //uint32_t analog_value;
 124:Core/Src/main.c ****   /* USER CODE END Init */
 125:Core/Src/main.c **** 
 126:Core/Src/main.c ****   /* Configure the system clock */
 127:Core/Src/main.c ****   SystemClock_Config();
 128:Core/Src/main.c **** 
 129:Core/Src/main.c ****   /* USER CODE BEGIN SysInit */
 130:Core/Src/main.c **** 
 131:Core/Src/main.c ****   /* USER CODE END SysInit */
 132:Core/Src/main.c **** 
 133:Core/Src/main.c ****   /* Initialize all configured peripherals */
 134:Core/Src/main.c ****   MX_GPIO_Init();
 135:Core/Src/main.c ****   MX_USART2_UART_Init();
 136:Core/Src/main.c ****   MX_I2C1_Init();
 137:Core/Src/main.c ****   MX_I2C2_Init();
 138:Core/Src/main.c ****   //MX_ADC1_Init();
 139:Core/Src/main.c ****   MX_SPI1_Init();
 140:Core/Src/main.c ****   ADC_Init(pinValue);
 141:Core/Src/main.c ****   /* USER CODE BEGIN 2 */
 142:Core/Src/main.c **** 
 143:Core/Src/main.c ****   strcpy((char*)buf, "Start!\r\n");
 144:Core/Src/main.c ****   HAL_UART_Transmit(&huart2, buf, strlen((char*)buf), HAL_MAX_DELAY);
 145:Core/Src/main.c ****   //strcpy((char*)buf, "Hello!\r\n");
ARM GAS  C:\Users\gabri\AppData\Local\Temp\cc2CDetW.s 			page 4


 146:Core/Src/main.c **** 
 147:Core/Src/main.c **** 
 148:Core/Src/main.c ****   strcpy((char*)i2c_buf, "");
 149:Core/Src/main.c ****   ret = HAL_I2C_Master_Transmit(&hi2c2, 0x46, 0x01, 1, 200);
 150:Core/Src/main.c ****   if(ret == HAL_OK){
 151:Core/Src/main.c ****     strcpy((char*)serialbuf, "");
 152:Core/Src/main.c ****     strcpy((char*)serialbuf, "Transmited Data\r\n");
 153:Core/Src/main.c ****     HAL_UART_Transmit(&huart2, serialbuf, strlen((char*)serialbuf), HAL_MAX_DELAY);
 154:Core/Src/main.c ****   }else{
 155:Core/Src/main.c ****     strcpy((char*)serialbuf, "");
 156:Core/Src/main.c ****     strcpy((char*)serialbuf, "Transmit Failed\r\n");
 157:Core/Src/main.c ****     HAL_UART_Transmit(&huart2, serialbuf, strlen((char*)serialbuf), HAL_MAX_DELAY);
 158:Core/Src/main.c ****   }
 159:Core/Src/main.c **** 
 160:Core/Src/main.c **** 
 161:Core/Src/main.c **** 
 162:Core/Src/main.c ****   HAL_Delay(200);
 163:Core/Src/main.c **** 
 164:Core/Src/main.c **** 
 165:Core/Src/main.c ****   /* USER CODE END 2 */
 166:Core/Src/main.c **** 
 167:Core/Src/main.c ****   /* Infinite loop */
 168:Core/Src/main.c ****   /* USER CODE BEGIN WHILE */
 169:Core/Src/main.c ****   while (1)
 170:Core/Src/main.c ****   {
 171:Core/Src/main.c ****     ADC_conversion();
 172:Core/Src/main.c ****     
 173:Core/Src/main.c ****     
 174:Core/Src/main.c ****     ADCData = ADC_read();
 175:Core/Src/main.c **** 
 176:Core/Src/main.c ****     /*
 177:Core/Src/main.c ****     strcpy((char*)serialbuf, ADCData);
 178:Core/Src/main.c ****     size_len = sprintf(str, "%d\r\n", ADCData);
 179:Core/Src/main.c ****     HAL_UART_Transmit(&huart2, (uint8_t*)str, size_len, HAL_MAX_DELAY);
 180:Core/Src/main.c ****     */
 181:Core/Src/main.c ****     
 182:Core/Src/main.c ****     
 183:Core/Src/main.c **** 
 184:Core/Src/main.c **** 
 185:Core/Src/main.c ****     
 186:Core/Src/main.c ****     strcpy((char*)i2c_buf, "");
 187:Core/Src/main.c ****     ret = HAL_I2C_Master_Transmit(&hi2c2, 0x46, 0x03, 1, 200);
 188:Core/Src/main.c ****     /*
 189:Core/Src/main.c ****     if(ret == HAL_OK){
 190:Core/Src/main.c ****       strcpy((char*)serialbuf, "");
 191:Core/Src/main.c ****       strcpy((char*)serialbuf, "Transmited Data\r\n");
 192:Core/Src/main.c ****       HAL_UART_Transmit(&huart2, serialbuf, strlen((char*)serialbuf), HAL_MAX_DELAY);
 193:Core/Src/main.c ****     }else{
 194:Core/Src/main.c ****       strcpy((char*)serialbuf, "");
 195:Core/Src/main.c ****       strcpy((char*)serialbuf, "Transmit Failed\r\n");
 196:Core/Src/main.c ****       HAL_UART_Transmit(&huart2, serialbuf, strlen((char*)serialbuf), HAL_MAX_DELAY);
 197:Core/Src/main.c ****     }
 198:Core/Src/main.c ****   */
 199:Core/Src/main.c **** 
 200:Core/Src/main.c ****     HAL_Delay(200);
 201:Core/Src/main.c **** 
 202:Core/Src/main.c ****     ret = HAL_I2C_Master_Transmit(&hi2c2, 0x46, 0x10, 1, 200);
ARM GAS  C:\Users\gabri\AppData\Local\Temp\cc2CDetW.s 			page 5


 203:Core/Src/main.c ****     /*
 204:Core/Src/main.c ****     if(ret == HAL_OK){
 205:Core/Src/main.c ****       strcpy((char*)serialbuf, "");
 206:Core/Src/main.c ****       strcpy((char*)serialbuf, "Transmited Data\r\n");
 207:Core/Src/main.c ****       HAL_UART_Transmit(&huart2, serialbuf, strlen((char*)serialbuf), HAL_MAX_DELAY);
 208:Core/Src/main.c ****     }else{
 209:Core/Src/main.c ****       strcpy((char*)serialbuf, "");
 210:Core/Src/main.c ****       strcpy((char*)serialbuf, "Transmit Failed\r\n");
 211:Core/Src/main.c ****       HAL_UART_Transmit(&huart2, serialbuf, strlen((char*)serialbuf), HAL_MAX_DELAY);
 212:Core/Src/main.c ****   }
 213:Core/Src/main.c ****   */ 
 214:Core/Src/main.c ****   
 215:Core/Src/main.c ****   HAL_Delay(200);
 216:Core/Src/main.c **** 
 217:Core/Src/main.c **** 
 218:Core/Src/main.c ****     ret = HAL_I2C_Master_Receive(&hi2c2, (0x46 + 1), i2c_buf, 2, 200);
 219:Core/Src/main.c ****     if(ret != HAL_OK){      
 220:Core/Src/main.c ****       //size_len = sprintf(str, "%lu\r\n", i2c_buf);
 221:Core/Src/main.c ****       //uint8_t a = i2c_buf[0];
 222:Core/Src/main.c ****       //uint8_t b = i2c_buf[1];
 223:Core/Src/main.c ****     //  strcpy((char*)serialbuf, "");
 224:Core/Src/main.c ****     //  strcpy((char*)serialbuf, "Received Data\r\n");
 225:Core/Src/main.c ****     //  HAL_UART_Transmit(&huart2, serialbuf, strlen((char*)serialbuf), HAL_MAX_DELAY);
 226:Core/Src/main.c ****     //}else{
 227:Core/Src/main.c ****         strcpy((char*)serialbuf, "");
 228:Core/Src/main.c ****         strcpy((char*)serialbuf, "Failed\r\n");
 229:Core/Src/main.c ****         HAL_UART_Transmit(&huart2, serialbuf, strlen((char*)serialbuf), HAL_MAX_DELAY);
 230:Core/Src/main.c ****     }
 231:Core/Src/main.c **** 
 232:Core/Src/main.c ****     uint16_t raw_lux = ((i2c_buf[0] << 8 | i2c_buf[1])/1.2);
 233:Core/Src/main.c ****       //float lux = raw_lux/1.2;
 234:Core/Src/main.c ****       //strcpy((char*)str, "");
 235:Core/Src/main.c ****     sprintf(str2,"%u\r\n", raw_lux);
 236:Core/Src/main.c ****     HAL_UART_Transmit(&huart2, (uint8_t*)str2, strlen(str2), HAL_MAX_DELAY);
 237:Core/Src/main.c ****     HAL_Delay(500);
 238:Core/Src/main.c ****     
 239:Core/Src/main.c ****     /* USER CODE END WHILE */
 240:Core/Src/main.c **** 
 241:Core/Src/main.c ****     /* USER CODE BEGIN 3 */
 242:Core/Src/main.c ****   }
 243:Core/Src/main.c ****   /* USER CODE END 3 */
 244:Core/Src/main.c **** }
 245:Core/Src/main.c **** 
 246:Core/Src/main.c **** /**
 247:Core/Src/main.c ****   * @brief System Clock Configuration
 248:Core/Src/main.c ****   * @retval None
 249:Core/Src/main.c ****   */
 250:Core/Src/main.c **** void SystemClock_Config(void)
 251:Core/Src/main.c **** {
 252:Core/Src/main.c ****   RCC_OscInitTypeDef RCC_OscInitStruct = {0};
 253:Core/Src/main.c ****   RCC_ClkInitTypeDef RCC_ClkInitStruct = {0};
 254:Core/Src/main.c **** 
 255:Core/Src/main.c ****   /** Configure the main internal regulator output voltage
 256:Core/Src/main.c ****   */
 257:Core/Src/main.c ****   __HAL_RCC_PWR_CLK_ENABLE();
 258:Core/Src/main.c ****   __HAL_PWR_VOLTAGESCALING_CONFIG(PWR_REGULATOR_VOLTAGE_SCALE3);
 259:Core/Src/main.c **** 
ARM GAS  C:\Users\gabri\AppData\Local\Temp\cc2CDetW.s 			page 6


 260:Core/Src/main.c ****   /** Initializes the RCC Oscillators according to the specified parameters
 261:Core/Src/main.c ****   * in the RCC_OscInitTypeDef structure.
 262:Core/Src/main.c ****   */
 263:Core/Src/main.c ****   RCC_OscInitStruct.OscillatorType = RCC_OSCILLATORTYPE_HSI;
 264:Core/Src/main.c ****   RCC_OscInitStruct.HSIState = RCC_HSI_ON;
 265:Core/Src/main.c ****   RCC_OscInitStruct.HSICalibrationValue = RCC_HSICALIBRATION_DEFAULT;
 266:Core/Src/main.c ****   RCC_OscInitStruct.PLL.PLLState = RCC_PLL_ON;
 267:Core/Src/main.c ****   RCC_OscInitStruct.PLL.PLLSource = RCC_PLLSOURCE_HSI;
 268:Core/Src/main.c ****   RCC_OscInitStruct.PLL.PLLM = 16;
 269:Core/Src/main.c ****   RCC_OscInitStruct.PLL.PLLN = 336;
 270:Core/Src/main.c ****   RCC_OscInitStruct.PLL.PLLP = RCC_PLLP_DIV4;
 271:Core/Src/main.c ****   RCC_OscInitStruct.PLL.PLLQ = 2;
 272:Core/Src/main.c ****   RCC_OscInitStruct.PLL.PLLR = 2;
 273:Core/Src/main.c ****   if (HAL_RCC_OscConfig(&RCC_OscInitStruct) != HAL_OK)
 274:Core/Src/main.c ****   {
 275:Core/Src/main.c ****     Error_Handler();
 276:Core/Src/main.c ****   }
 277:Core/Src/main.c **** 
 278:Core/Src/main.c ****   /** Initializes the CPU, AHB and APB buses clocks
 279:Core/Src/main.c ****   */
 280:Core/Src/main.c ****   RCC_ClkInitStruct.ClockType = RCC_CLOCKTYPE_HCLK|RCC_CLOCKTYPE_SYSCLK
 281:Core/Src/main.c ****                               |RCC_CLOCKTYPE_PCLK1|RCC_CLOCKTYPE_PCLK2;
 282:Core/Src/main.c ****   RCC_ClkInitStruct.SYSCLKSource = RCC_SYSCLKSOURCE_PLLCLK;
 283:Core/Src/main.c ****   RCC_ClkInitStruct.AHBCLKDivider = RCC_SYSCLK_DIV1;
 284:Core/Src/main.c ****   RCC_ClkInitStruct.APB1CLKDivider = RCC_HCLK_DIV2;
 285:Core/Src/main.c ****   RCC_ClkInitStruct.APB2CLKDivider = RCC_HCLK_DIV1;
 286:Core/Src/main.c **** 
 287:Core/Src/main.c ****   if (HAL_RCC_ClockConfig(&RCC_ClkInitStruct, FLASH_LATENCY_2) != HAL_OK)
 288:Core/Src/main.c ****   {
 289:Core/Src/main.c ****     Error_Handler();
 290:Core/Src/main.c ****   }
 291:Core/Src/main.c **** }
 292:Core/Src/main.c **** 
 293:Core/Src/main.c **** /**
 294:Core/Src/main.c ****   * @brief ADC1 Initialization Function
 295:Core/Src/main.c ****   * @param None
 296:Core/Src/main.c ****   * @retval None
 297:Core/Src/main.c ****   */
 298:Core/Src/main.c **** //static void MX_ADC1_Init(void)
 299:Core/Src/main.c **** //{
 300:Core/Src/main.c **** 
 301:Core/Src/main.c ****   /* USER CODE BEGIN ADC1_Init 0 */
 302:Core/Src/main.c **** 
 303:Core/Src/main.c ****   /* USER CODE END ADC1_Init 0 */
 304:Core/Src/main.c **** 
 305:Core/Src/main.c ****   //ADC_ChannelConfTypeDef sConfig = {0};
 306:Core/Src/main.c **** 
 307:Core/Src/main.c ****   /* USER CODE BEGIN ADC1_Init 1 */
 308:Core/Src/main.c **** 
 309:Core/Src/main.c ****   /* USER CODE END ADC1_Init 1 */
 310:Core/Src/main.c **** 
 311:Core/Src/main.c ****   /** Configure the global features of the ADC (Clock, Resolution, Data Alignment and number of con
 312:Core/Src/main.c ****   */
 313:Core/Src/main.c ****   //hadc1.Instance = ADC1;
 314:Core/Src/main.c ****   //hadc1.Init.ClockPrescaler = ADC_CLOCK_SYNC_PCLK_DIV4;
 315:Core/Src/main.c ****   //hadc1.Init.Resolution = ADC_RESOLUTION_12B;
 316:Core/Src/main.c ****   //hadc1.Init.ScanConvMode = DISABLE;
ARM GAS  C:\Users\gabri\AppData\Local\Temp\cc2CDetW.s 			page 7


 317:Core/Src/main.c ****   //hadc1.Init.ContinuousConvMode = DISABLE;
 318:Core/Src/main.c ****   //hadc1.Init.DiscontinuousConvMode = DISABLE;
 319:Core/Src/main.c ****   //hadc1.Init.ExternalTrigConvEdge = ADC_EXTERNALTRIGCONVEDGE_NONE;
 320:Core/Src/main.c ****   //hadc1.Init.ExternalTrigConv = ADC_SOFTWARE_START;
 321:Core/Src/main.c ****   //hadc1.Init.DataAlign = ADC_DATAALIGN_RIGHT;
 322:Core/Src/main.c ****   //hadc1.Init.NbrOfConversion = 1;
 323:Core/Src/main.c ****   //hadc1.Init.DMAContinuousRequests = DISABLE;
 324:Core/Src/main.c ****   //hadc1.Init.EOCSelection = ADC_EOC_SINGLE_CONV;
 325:Core/Src/main.c ****   //if (HAL_ADC_Init(&hadc1) != HAL_OK)
 326:Core/Src/main.c ****   //{
 327:Core/Src/main.c ****   //  Error_Handler();
 328:Core/Src/main.c ****   //}
 329:Core/Src/main.c **** 
 330:Core/Src/main.c ****   /** Configure for the selected ADC regular channel its corresponding rank in the sequencer and it
 331:Core/Src/main.c ****   */
 332:Core/Src/main.c ****   //sConfig.Channel = ADC_CHANNEL_0;
 333:Core/Src/main.c ****   //sConfig.Rank = 1;
 334:Core/Src/main.c ****   //sConfig.SamplingTime = ADC_SAMPLETIME_3CYCLES;
 335:Core/Src/main.c ****   //if (HAL_ADC_ConfigChannel(&hadc1, &sConfig) != HAL_OK)
 336:Core/Src/main.c ****   //{
 337:Core/Src/main.c ****   //  Error_Handler();
 338:Core/Src/main.c ****   //}
 339:Core/Src/main.c ****   /* USER CODE BEGIN ADC1_Init 2 */
 340:Core/Src/main.c **** 
 341:Core/Src/main.c ****   /* USER CODE END ADC1_Init 2 */
 342:Core/Src/main.c **** 
 343:Core/Src/main.c **** //}
 344:Core/Src/main.c **** 
 345:Core/Src/main.c **** /**
 346:Core/Src/main.c ****   * @brief I2C1 Initialization Function
 347:Core/Src/main.c ****   * @param None
 348:Core/Src/main.c ****   * @retval None
 349:Core/Src/main.c ****   */
 350:Core/Src/main.c **** static void MX_I2C1_Init(void)
 351:Core/Src/main.c **** {
 352:Core/Src/main.c **** 
 353:Core/Src/main.c ****   /* USER CODE BEGIN I2C1_Init 0 */
 354:Core/Src/main.c **** 
 355:Core/Src/main.c ****   /* USER CODE END I2C1_Init 0 */
 356:Core/Src/main.c **** 
 357:Core/Src/main.c ****   /* USER CODE BEGIN I2C1_Init 1 */
 358:Core/Src/main.c **** 
 359:Core/Src/main.c ****   /* USER CODE END I2C1_Init 1 */
 360:Core/Src/main.c ****   hi2c1.Instance = I2C1;
 361:Core/Src/main.c ****   hi2c1.Init.ClockSpeed = 100000;
 362:Core/Src/main.c ****   hi2c1.Init.DutyCycle = I2C_DUTYCYCLE_2;
 363:Core/Src/main.c ****   hi2c1.Init.OwnAddress1 = 0;
 364:Core/Src/main.c ****   hi2c1.Init.AddressingMode = I2C_ADDRESSINGMODE_7BIT;
 365:Core/Src/main.c ****   hi2c1.Init.DualAddressMode = I2C_DUALADDRESS_DISABLE;
 366:Core/Src/main.c ****   hi2c1.Init.OwnAddress2 = 0;
 367:Core/Src/main.c ****   hi2c1.Init.GeneralCallMode = I2C_GENERALCALL_DISABLE;
 368:Core/Src/main.c ****   hi2c1.Init.NoStretchMode = I2C_NOSTRETCH_DISABLE;
 369:Core/Src/main.c ****   if (HAL_I2C_Init(&hi2c1) != HAL_OK)
 370:Core/Src/main.c ****   {
 371:Core/Src/main.c ****     Error_Handler();
 372:Core/Src/main.c ****   }
 373:Core/Src/main.c ****   /* USER CODE BEGIN I2C1_Init 2 */
ARM GAS  C:\Users\gabri\AppData\Local\Temp\cc2CDetW.s 			page 8


 374:Core/Src/main.c **** 
 375:Core/Src/main.c ****   /* USER CODE END I2C1_Init 2 */
 376:Core/Src/main.c **** 
 377:Core/Src/main.c **** }
 378:Core/Src/main.c **** 
 379:Core/Src/main.c **** static void MX_I2C2_Init(void){
 380:Core/Src/main.c **** 
 381:Core/Src/main.c ****   hi2c2.Instance = I2C2;
 382:Core/Src/main.c ****   hi2c2.Init.ClockSpeed = 100000;
 383:Core/Src/main.c ****   hi2c2.Init.DutyCycle = I2C_DUTYCYCLE_2;
 384:Core/Src/main.c ****   hi2c2.Init.OwnAddress1 = 0;
 385:Core/Src/main.c ****   hi2c2.Init.AddressingMode = I2C_ADDRESSINGMODE_7BIT;
 386:Core/Src/main.c ****   hi2c2.Init.DualAddressMode = I2C_DUALADDRESS_DISABLE;
 387:Core/Src/main.c ****   hi2c2.Init.OwnAddress2 = 0;
 388:Core/Src/main.c ****   hi2c2.Init.GeneralCallMode = I2C_GENERALCALL_DISABLE;
 389:Core/Src/main.c ****   hi2c2.Init.NoStretchMode = I2C_NOSTRETCH_DISABLE;
 390:Core/Src/main.c ****   if(HAL_I2C_Init(&hi2c2) != HAL_OK){
 391:Core/Src/main.c ****     Error_Handler();
 392:Core/Src/main.c ****   }
 393:Core/Src/main.c **** 
 394:Core/Src/main.c **** }
 395:Core/Src/main.c **** 
 396:Core/Src/main.c **** /**
 397:Core/Src/main.c ****   * @brief USART2 Initialization Function
 398:Core/Src/main.c ****   * @param None
 399:Core/Src/main.c ****   * @retval None
 400:Core/Src/main.c ****   */
 401:Core/Src/main.c **** static void MX_USART2_UART_Init(void)
 402:Core/Src/main.c **** {
 403:Core/Src/main.c **** 
 404:Core/Src/main.c ****   /* USER CODE BEGIN USART2_Init 0 */
 405:Core/Src/main.c **** 
 406:Core/Src/main.c ****   /* USER CODE END USART2_Init 0 */
 407:Core/Src/main.c **** 
 408:Core/Src/main.c ****   /* USER CODE BEGIN USART2_Init 1 */
 409:Core/Src/main.c **** 
 410:Core/Src/main.c ****   /* USER CODE END USART2_Init 1 */
 411:Core/Src/main.c ****   huart2.Instance = USART2;
 412:Core/Src/main.c ****   huart2.Init.BaudRate = 115200;
 413:Core/Src/main.c ****   huart2.Init.WordLength = UART_WORDLENGTH_8B;
 414:Core/Src/main.c ****   huart2.Init.StopBits = UART_STOPBITS_1;
 415:Core/Src/main.c ****   huart2.Init.Parity = UART_PARITY_NONE;
 416:Core/Src/main.c ****   huart2.Init.Mode = UART_MODE_TX_RX;
 417:Core/Src/main.c ****   huart2.Init.HwFlowCtl = UART_HWCONTROL_NONE;
 418:Core/Src/main.c ****   huart2.Init.OverSampling = UART_OVERSAMPLING_16;
 419:Core/Src/main.c ****   if (HAL_UART_Init(&huart2) != HAL_OK)
 420:Core/Src/main.c ****   {
 421:Core/Src/main.c ****     Error_Handler();
 422:Core/Src/main.c ****   }
 423:Core/Src/main.c ****   /* USER CODE BEGIN USART2_Init 2 */
 424:Core/Src/main.c **** 
 425:Core/Src/main.c ****   /* USER CODE END USART2_Init 2 */
 426:Core/Src/main.c **** 
 427:Core/Src/main.c **** }
 428:Core/Src/main.c **** 
 429:Core/Src/main.c **** /**
 430:Core/Src/main.c ****   * @brief GPIO Initialization Function
ARM GAS  C:\Users\gabri\AppData\Local\Temp\cc2CDetW.s 			page 9


 431:Core/Src/main.c ****   * @param None
 432:Core/Src/main.c ****   * @retval None
 433:Core/Src/main.c ****   */
 434:Core/Src/main.c **** static void MX_GPIO_Init(void)
 435:Core/Src/main.c **** {
  28              		.loc 1 435 1 view -0
  29              		.cfi_startproc
  30              		@ args = 0, pretend = 0, frame = 40
  31              		@ frame_needed = 0, uses_anonymous_args = 0
  32 0000 30B5     		push	{r4, r5, lr}
  33              	.LCFI0:
  34              		.cfi_def_cfa_offset 12
  35              		.cfi_offset 4, -12
  36              		.cfi_offset 5, -8
  37              		.cfi_offset 14, -4
  38 0002 8BB0     		sub	sp, sp, #44
  39              	.LCFI1:
  40              		.cfi_def_cfa_offset 56
 436:Core/Src/main.c ****   GPIO_InitTypeDef GPIO_InitStruct = {0};
  41              		.loc 1 436 3 view .LVU1
  42              		.loc 1 436 20 is_stmt 0 view .LVU2
  43 0004 0024     		movs	r4, #0
  44 0006 0594     		str	r4, [sp, #20]
  45 0008 0694     		str	r4, [sp, #24]
  46 000a 0794     		str	r4, [sp, #28]
  47 000c 0894     		str	r4, [sp, #32]
  48 000e 0994     		str	r4, [sp, #36]
 437:Core/Src/main.c **** /* USER CODE BEGIN MX_GPIO_Init_1 */
 438:Core/Src/main.c **** /* USER CODE END MX_GPIO_Init_1 */
 439:Core/Src/main.c **** 
 440:Core/Src/main.c ****   /* GPIO Ports Clock Enable */
 441:Core/Src/main.c ****   __HAL_RCC_GPIOC_CLK_ENABLE();
  49              		.loc 1 441 3 is_stmt 1 view .LVU3
  50              	.LBB4:
  51              		.loc 1 441 3 view .LVU4
  52 0010 0194     		str	r4, [sp, #4]
  53              		.loc 1 441 3 view .LVU5
  54 0012 224B     		ldr	r3, .L3
  55 0014 1A6B     		ldr	r2, [r3, #48]
  56 0016 42F00402 		orr	r2, r2, #4
  57 001a 1A63     		str	r2, [r3, #48]
  58              		.loc 1 441 3 view .LVU6
  59 001c 1A6B     		ldr	r2, [r3, #48]
  60 001e 02F00402 		and	r2, r2, #4
  61 0022 0192     		str	r2, [sp, #4]
  62              		.loc 1 441 3 view .LVU7
  63 0024 019A     		ldr	r2, [sp, #4]
  64              	.LBE4:
  65              		.loc 1 441 3 view .LVU8
 442:Core/Src/main.c ****   __HAL_RCC_GPIOH_CLK_ENABLE();
  66              		.loc 1 442 3 view .LVU9
  67              	.LBB5:
  68              		.loc 1 442 3 view .LVU10
  69 0026 0294     		str	r4, [sp, #8]
  70              		.loc 1 442 3 view .LVU11
  71 0028 1A6B     		ldr	r2, [r3, #48]
  72 002a 42F08002 		orr	r2, r2, #128
ARM GAS  C:\Users\gabri\AppData\Local\Temp\cc2CDetW.s 			page 10


  73 002e 1A63     		str	r2, [r3, #48]
  74              		.loc 1 442 3 view .LVU12
  75 0030 1A6B     		ldr	r2, [r3, #48]
  76 0032 02F08002 		and	r2, r2, #128
  77 0036 0292     		str	r2, [sp, #8]
  78              		.loc 1 442 3 view .LVU13
  79 0038 029A     		ldr	r2, [sp, #8]
  80              	.LBE5:
  81              		.loc 1 442 3 view .LVU14
 443:Core/Src/main.c ****   __HAL_RCC_GPIOA_CLK_ENABLE();
  82              		.loc 1 443 3 view .LVU15
  83              	.LBB6:
  84              		.loc 1 443 3 view .LVU16
  85 003a 0394     		str	r4, [sp, #12]
  86              		.loc 1 443 3 view .LVU17
  87 003c 1A6B     		ldr	r2, [r3, #48]
  88 003e 42F00102 		orr	r2, r2, #1
  89 0042 1A63     		str	r2, [r3, #48]
  90              		.loc 1 443 3 view .LVU18
  91 0044 1A6B     		ldr	r2, [r3, #48]
  92 0046 02F00102 		and	r2, r2, #1
  93 004a 0392     		str	r2, [sp, #12]
  94              		.loc 1 443 3 view .LVU19
  95 004c 039A     		ldr	r2, [sp, #12]
  96              	.LBE6:
  97              		.loc 1 443 3 view .LVU20
 444:Core/Src/main.c ****   __HAL_RCC_GPIOB_CLK_ENABLE();
  98              		.loc 1 444 3 view .LVU21
  99              	.LBB7:
 100              		.loc 1 444 3 view .LVU22
 101 004e 0494     		str	r4, [sp, #16]
 102              		.loc 1 444 3 view .LVU23
 103 0050 1A6B     		ldr	r2, [r3, #48]
 104 0052 42F00202 		orr	r2, r2, #2
 105 0056 1A63     		str	r2, [r3, #48]
 106              		.loc 1 444 3 view .LVU24
 107 0058 1B6B     		ldr	r3, [r3, #48]
 108 005a 03F00203 		and	r3, r3, #2
 109 005e 0493     		str	r3, [sp, #16]
 110              		.loc 1 444 3 view .LVU25
 111 0060 049B     		ldr	r3, [sp, #16]
 112              	.LBE7:
 113              		.loc 1 444 3 view .LVU26
 445:Core/Src/main.c **** 
 446:Core/Src/main.c ****   /*Configure GPIO pin Output Level */
 447:Core/Src/main.c ****   HAL_GPIO_WritePin(LD2_GPIO_Port, LD2_Pin, GPIO_PIN_RESET);
 114              		.loc 1 447 3 view .LVU27
 115 0062 0F4D     		ldr	r5, .L3+4
 116 0064 2246     		mov	r2, r4
 117 0066 2021     		movs	r1, #32
 118 0068 2846     		mov	r0, r5
 119 006a FFF7FEFF 		bl	HAL_GPIO_WritePin
 120              	.LVL0:
 448:Core/Src/main.c **** 
 449:Core/Src/main.c ****   /*Configure GPIO pin : B1_Pin */
 450:Core/Src/main.c ****   GPIO_InitStruct.Pin = B1_Pin;
 121              		.loc 1 450 3 view .LVU28
ARM GAS  C:\Users\gabri\AppData\Local\Temp\cc2CDetW.s 			page 11


 122              		.loc 1 450 23 is_stmt 0 view .LVU29
 123 006e 4FF40053 		mov	r3, #8192
 124 0072 0593     		str	r3, [sp, #20]
 451:Core/Src/main.c ****   GPIO_InitStruct.Mode = GPIO_MODE_IT_FALLING;
 125              		.loc 1 451 3 is_stmt 1 view .LVU30
 126              		.loc 1 451 24 is_stmt 0 view .LVU31
 127 0074 4FF40413 		mov	r3, #2162688
 128 0078 0693     		str	r3, [sp, #24]
 452:Core/Src/main.c ****   GPIO_InitStruct.Pull = GPIO_NOPULL;
 129              		.loc 1 452 3 is_stmt 1 view .LVU32
 130              		.loc 1 452 24 is_stmt 0 view .LVU33
 131 007a 0794     		str	r4, [sp, #28]
 453:Core/Src/main.c ****   HAL_GPIO_Init(B1_GPIO_Port, &GPIO_InitStruct);
 132              		.loc 1 453 3 is_stmt 1 view .LVU34
 133 007c 05A9     		add	r1, sp, #20
 134 007e 0948     		ldr	r0, .L3+8
 135 0080 FFF7FEFF 		bl	HAL_GPIO_Init
 136              	.LVL1:
 454:Core/Src/main.c **** 
 455:Core/Src/main.c ****   /*Configure GPIO pin : LD2_Pin */
 456:Core/Src/main.c ****   GPIO_InitStruct.Pin = LD2_Pin;
 137              		.loc 1 456 3 view .LVU35
 138              		.loc 1 456 23 is_stmt 0 view .LVU36
 139 0084 2023     		movs	r3, #32
 140 0086 0593     		str	r3, [sp, #20]
 457:Core/Src/main.c ****   GPIO_InitStruct.Mode = GPIO_MODE_OUTPUT_PP;
 141              		.loc 1 457 3 is_stmt 1 view .LVU37
 142              		.loc 1 457 24 is_stmt 0 view .LVU38
 143 0088 0123     		movs	r3, #1
 144 008a 0693     		str	r3, [sp, #24]
 458:Core/Src/main.c ****   GPIO_InitStruct.Pull = GPIO_NOPULL;
 145              		.loc 1 458 3 is_stmt 1 view .LVU39
 146              		.loc 1 458 24 is_stmt 0 view .LVU40
 147 008c 0794     		str	r4, [sp, #28]
 459:Core/Src/main.c ****   GPIO_InitStruct.Speed = GPIO_SPEED_FREQ_LOW;
 148              		.loc 1 459 3 is_stmt 1 view .LVU41
 149              		.loc 1 459 25 is_stmt 0 view .LVU42
 150 008e 0894     		str	r4, [sp, #32]
 460:Core/Src/main.c ****   HAL_GPIO_Init(LD2_GPIO_Port, &GPIO_InitStruct);
 151              		.loc 1 460 3 is_stmt 1 view .LVU43
 152 0090 05A9     		add	r1, sp, #20
 153 0092 2846     		mov	r0, r5
 154 0094 FFF7FEFF 		bl	HAL_GPIO_Init
 155              	.LVL2:
 461:Core/Src/main.c **** 
 462:Core/Src/main.c **** /* USER CODE BEGIN MX_GPIO_Init_2 */
 463:Core/Src/main.c **** /* USER CODE END MX_GPIO_Init_2 */
 464:Core/Src/main.c **** }
 156              		.loc 1 464 1 is_stmt 0 view .LVU44
 157 0098 0BB0     		add	sp, sp, #44
 158              	.LCFI2:
 159              		.cfi_def_cfa_offset 12
 160              		@ sp needed
 161 009a 30BD     		pop	{r4, r5, pc}
 162              	.L4:
 163              		.align	2
 164              	.L3:
ARM GAS  C:\Users\gabri\AppData\Local\Temp\cc2CDetW.s 			page 12


 165 009c 00380240 		.word	1073887232
 166 00a0 00000240 		.word	1073872896
 167 00a4 00080240 		.word	1073874944
 168              		.cfi_endproc
 169              	.LFE247:
 171              		.section	.text.Error_Handler,"ax",%progbits
 172              		.align	1
 173              		.global	Error_Handler
 174              		.syntax unified
 175              		.thumb
 176              		.thumb_func
 178              	Error_Handler:
 179              	.LFB249:
 465:Core/Src/main.c **** 
 466:Core/Src/main.c **** /* USER CODE BEGIN 4 */
 467:Core/Src/main.c **** 
 468:Core/Src/main.c **** static void MX_SPI1_Init(){
 469:Core/Src/main.c **** 
 470:Core/Src/main.c ****   hspi1.Instance = SPI1;
 471:Core/Src/main.c ****   hspi1.Init.Mode = SPI_MODE_MASTER;
 472:Core/Src/main.c ****   hspi1.Init.Direction = SPI_DIRECTION_2LINES;
 473:Core/Src/main.c ****   hspi1.Init.DataSize = SPI_DATASIZE_8BIT;
 474:Core/Src/main.c ****   hspi1.Init.CLKPolarity = SPI_POLARITY_LOW;
 475:Core/Src/main.c ****   hspi1.Init.CLKPhase = SPI_PHASE_1EDGE;
 476:Core/Src/main.c ****   hspi1.Init.NSS = SPI_NSS_SOFT;
 477:Core/Src/main.c ****   hspi1.Init.BaudRatePrescaler = SPI_BAUDRATEPRESCALER_8;
 478:Core/Src/main.c ****   hspi1.Init.FirstBit = SPI_FIRSTBIT_MSB;
 479:Core/Src/main.c ****   hspi1.Init.TIMode = SPI_TIMODE_DISABLE;
 480:Core/Src/main.c ****   hspi1.Init.CRCCalculation = SPI_CRCCALCULATION_DISABLE;
 481:Core/Src/main.c ****   hspi1.Init.CRCPolynomial = 10;
 482:Core/Src/main.c ****   if(HAL_SPI_Init(&hspi1) != HAL_OK)
 483:Core/Src/main.c ****     Error_Handler();
 484:Core/Src/main.c **** }
 485:Core/Src/main.c **** 
 486:Core/Src/main.c **** /* START OF BH1750 COMMUNICATION FUNCTIONS*/
 487:Core/Src/main.c **** /*HAL_StatusTypeDef BH1750_send_command(BH1750_device_t* dev, uint8_t cmd)
 488:Core/Src/main.c **** {
 489:Core/Src/main.c **** 	//TODO hal checks
 490:Core/Src/main.c **** 	if(HAL_I2C_Master_Transmit(
 491:Core/Src/main.c **** 			dev->i2c_handle,	//I2C Handle
 492:Core/Src/main.c **** 			dev->address_w,		//I2C addr of dev
 493:Core/Src/main.c **** 			&cmd,				//CMD to be executed
 494:Core/Src/main.c **** 			1,					//8bit addr
 495:Core/Src/main.c **** 			10					//Wait time
 496:Core/Src/main.c **** 		) != HAL_OK) return HAL_ERROR;
 497:Core/Src/main.c **** 
 498:Core/Src/main.c **** 	return HAL_OK;
 499:Core/Src/main.c **** }*/
 500:Core/Src/main.c **** 
 501:Core/Src/main.c **** 
 502:Core/Src/main.c **** /*
 503:Core/Src/main.c **** void ADC_Init(void){
 504:Core/Src/main.c ****   RCC->AHB1ENR |= (1<<0); //activate AHB bus for PORT A
 505:Core/Src/main.c ****   GPIOA->MODER |= (3<<0); // Pin 0 as analog
 506:Core/Src/main.c **** 
 507:Core/Src/main.c ****   RCC->APB2ENR |= (1<<8); // Enable clock source for ADC1
 508:Core/Src/main.c ****   ADC1->CR1 |= (1 << 24); // set 10 bit ADC
ARM GAS  C:\Users\gabri\AppData\Local\Temp\cc2CDetW.s 			page 13


 509:Core/Src/main.c ****   ADC1->CR1 &= ~(1 <<25); // set 10 bit ADC
 510:Core/Src/main.c **** 
 511:Core/Src/main.c ****   ADC1->CR2 &= ~(1<<0); // ADC Disable
 512:Core/Src/main.c ****   ADC1->SQR3 |= 0; // Enable ADC 0th channel
 513:Core/Src/main.c ****   ADC1->CR2 |= (1<<0); // ADC ON
 514:Core/Src/main.c **** 
 515:Core/Src/main.c **** }
 516:Core/Src/main.c **** 
 517:Core/Src/main.c **** void ADC_conversion(void){
 518:Core/Src/main.c ****   ADC1->CR2 |= (1<<30); // start ADC conversion
 519:Core/Src/main.c **** 
 520:Core/Src/main.c **** }
 521:Core/Src/main.c **** 
 522:Core/Src/main.c **** int ADC_read(void){
 523:Core/Src/main.c ****   while(!(ADC1->SR & (1<<1))){
 524:Core/Src/main.c ****     //wait for conversion
 525:Core/Src/main.c ****   }
 526:Core/Src/main.c ****   return (ADC1->DR);
 527:Core/Src/main.c **** }
 528:Core/Src/main.c **** */
 529:Core/Src/main.c **** 
 530:Core/Src/main.c **** /* USER CODE END 4 */
 531:Core/Src/main.c **** 
 532:Core/Src/main.c **** /**
 533:Core/Src/main.c ****   * @brief  This function is executed in case of error occurrence.
 534:Core/Src/main.c ****   * @retval None
 535:Core/Src/main.c ****   */
 536:Core/Src/main.c **** void Error_Handler(void)
 537:Core/Src/main.c **** {
 180              		.loc 1 537 1 is_stmt 1 view -0
 181              		.cfi_startproc
 182              		@ Volatile: function does not return.
 183              		@ args = 0, pretend = 0, frame = 0
 184              		@ frame_needed = 0, uses_anonymous_args = 0
 185              		@ link register save eliminated.
 538:Core/Src/main.c ****   /* USER CODE BEGIN Error_Handler_Debug */
 539:Core/Src/main.c ****   /* User can add his own implementation to report the HAL error return state */
 540:Core/Src/main.c ****   __disable_irq();
 186              		.loc 1 540 3 view .LVU46
 187              	.LBB8:
 188              	.LBI8:
 189              		.file 2 "Drivers/CMSIS/Include/cmsis_gcc.h"
   1:Drivers/CMSIS/Include/cmsis_gcc.h **** /**************************************************************************//**
   2:Drivers/CMSIS/Include/cmsis_gcc.h ****  * @file     cmsis_gcc.h
   3:Drivers/CMSIS/Include/cmsis_gcc.h ****  * @brief    CMSIS compiler GCC header file
   4:Drivers/CMSIS/Include/cmsis_gcc.h ****  * @version  V5.4.1
   5:Drivers/CMSIS/Include/cmsis_gcc.h ****  * @date     27. May 2021
   6:Drivers/CMSIS/Include/cmsis_gcc.h ****  ******************************************************************************/
   7:Drivers/CMSIS/Include/cmsis_gcc.h **** /*
   8:Drivers/CMSIS/Include/cmsis_gcc.h ****  * Copyright (c) 2009-2021 Arm Limited. All rights reserved.
   9:Drivers/CMSIS/Include/cmsis_gcc.h ****  *
  10:Drivers/CMSIS/Include/cmsis_gcc.h ****  * SPDX-License-Identifier: Apache-2.0
  11:Drivers/CMSIS/Include/cmsis_gcc.h ****  *
  12:Drivers/CMSIS/Include/cmsis_gcc.h ****  * Licensed under the Apache License, Version 2.0 (the License); you may
  13:Drivers/CMSIS/Include/cmsis_gcc.h ****  * not use this file except in compliance with the License.
  14:Drivers/CMSIS/Include/cmsis_gcc.h ****  * You may obtain a copy of the License at
  15:Drivers/CMSIS/Include/cmsis_gcc.h ****  *
ARM GAS  C:\Users\gabri\AppData\Local\Temp\cc2CDetW.s 			page 14


  16:Drivers/CMSIS/Include/cmsis_gcc.h ****  * www.apache.org/licenses/LICENSE-2.0
  17:Drivers/CMSIS/Include/cmsis_gcc.h ****  *
  18:Drivers/CMSIS/Include/cmsis_gcc.h ****  * Unless required by applicable law or agreed to in writing, software
  19:Drivers/CMSIS/Include/cmsis_gcc.h ****  * distributed under the License is distributed on an AS IS BASIS, WITHOUT
  20:Drivers/CMSIS/Include/cmsis_gcc.h ****  * WARRANTIES OR CONDITIONS OF ANY KIND, either express or implied.
  21:Drivers/CMSIS/Include/cmsis_gcc.h ****  * See the License for the specific language governing permissions and
  22:Drivers/CMSIS/Include/cmsis_gcc.h ****  * limitations under the License.
  23:Drivers/CMSIS/Include/cmsis_gcc.h ****  */
  24:Drivers/CMSIS/Include/cmsis_gcc.h **** 
  25:Drivers/CMSIS/Include/cmsis_gcc.h **** #ifndef __CMSIS_GCC_H
  26:Drivers/CMSIS/Include/cmsis_gcc.h **** #define __CMSIS_GCC_H
  27:Drivers/CMSIS/Include/cmsis_gcc.h **** 
  28:Drivers/CMSIS/Include/cmsis_gcc.h **** /* ignore some GCC warnings */
  29:Drivers/CMSIS/Include/cmsis_gcc.h **** #pragma GCC diagnostic push
  30:Drivers/CMSIS/Include/cmsis_gcc.h **** #pragma GCC diagnostic ignored "-Wsign-conversion"
  31:Drivers/CMSIS/Include/cmsis_gcc.h **** #pragma GCC diagnostic ignored "-Wconversion"
  32:Drivers/CMSIS/Include/cmsis_gcc.h **** #pragma GCC diagnostic ignored "-Wunused-parameter"
  33:Drivers/CMSIS/Include/cmsis_gcc.h **** 
  34:Drivers/CMSIS/Include/cmsis_gcc.h **** /* Fallback for __has_builtin */
  35:Drivers/CMSIS/Include/cmsis_gcc.h **** #ifndef __has_builtin
  36:Drivers/CMSIS/Include/cmsis_gcc.h ****   #define __has_builtin(x) (0)
  37:Drivers/CMSIS/Include/cmsis_gcc.h **** #endif
  38:Drivers/CMSIS/Include/cmsis_gcc.h **** 
  39:Drivers/CMSIS/Include/cmsis_gcc.h **** /* CMSIS compiler specific defines */
  40:Drivers/CMSIS/Include/cmsis_gcc.h **** #ifndef   __ASM
  41:Drivers/CMSIS/Include/cmsis_gcc.h ****   #define __ASM                                  __asm
  42:Drivers/CMSIS/Include/cmsis_gcc.h **** #endif
  43:Drivers/CMSIS/Include/cmsis_gcc.h **** #ifndef   __INLINE
  44:Drivers/CMSIS/Include/cmsis_gcc.h ****   #define __INLINE                               inline
  45:Drivers/CMSIS/Include/cmsis_gcc.h **** #endif
  46:Drivers/CMSIS/Include/cmsis_gcc.h **** #ifndef   __STATIC_INLINE
  47:Drivers/CMSIS/Include/cmsis_gcc.h ****   #define __STATIC_INLINE                        static inline
  48:Drivers/CMSIS/Include/cmsis_gcc.h **** #endif
  49:Drivers/CMSIS/Include/cmsis_gcc.h **** #ifndef   __STATIC_FORCEINLINE
  50:Drivers/CMSIS/Include/cmsis_gcc.h ****   #define __STATIC_FORCEINLINE                   __attribute__((always_inline)) static inline
  51:Drivers/CMSIS/Include/cmsis_gcc.h **** #endif
  52:Drivers/CMSIS/Include/cmsis_gcc.h **** #ifndef   __NO_RETURN
  53:Drivers/CMSIS/Include/cmsis_gcc.h ****   #define __NO_RETURN                            __attribute__((__noreturn__))
  54:Drivers/CMSIS/Include/cmsis_gcc.h **** #endif
  55:Drivers/CMSIS/Include/cmsis_gcc.h **** #ifndef   __USED
  56:Drivers/CMSIS/Include/cmsis_gcc.h ****   #define __USED                                 __attribute__((used))
  57:Drivers/CMSIS/Include/cmsis_gcc.h **** #endif
  58:Drivers/CMSIS/Include/cmsis_gcc.h **** #ifndef   __WEAK
  59:Drivers/CMSIS/Include/cmsis_gcc.h ****   #define __WEAK                                 __attribute__((weak))
  60:Drivers/CMSIS/Include/cmsis_gcc.h **** #endif
  61:Drivers/CMSIS/Include/cmsis_gcc.h **** #ifndef   __PACKED
  62:Drivers/CMSIS/Include/cmsis_gcc.h ****   #define __PACKED                               __attribute__((packed, aligned(1)))
  63:Drivers/CMSIS/Include/cmsis_gcc.h **** #endif
  64:Drivers/CMSIS/Include/cmsis_gcc.h **** #ifndef   __PACKED_STRUCT
  65:Drivers/CMSIS/Include/cmsis_gcc.h ****   #define __PACKED_STRUCT                        struct __attribute__((packed, aligned(1)))
  66:Drivers/CMSIS/Include/cmsis_gcc.h **** #endif
  67:Drivers/CMSIS/Include/cmsis_gcc.h **** #ifndef   __PACKED_UNION
  68:Drivers/CMSIS/Include/cmsis_gcc.h ****   #define __PACKED_UNION                         union __attribute__((packed, aligned(1)))
  69:Drivers/CMSIS/Include/cmsis_gcc.h **** #endif
  70:Drivers/CMSIS/Include/cmsis_gcc.h **** #ifndef   __UNALIGNED_UINT32        /* deprecated */
  71:Drivers/CMSIS/Include/cmsis_gcc.h ****   #pragma GCC diagnostic push
  72:Drivers/CMSIS/Include/cmsis_gcc.h ****   #pragma GCC diagnostic ignored "-Wpacked"
ARM GAS  C:\Users\gabri\AppData\Local\Temp\cc2CDetW.s 			page 15


  73:Drivers/CMSIS/Include/cmsis_gcc.h ****   #pragma GCC diagnostic ignored "-Wattributes"
  74:Drivers/CMSIS/Include/cmsis_gcc.h ****   struct __attribute__((packed)) T_UINT32 { uint32_t v; };
  75:Drivers/CMSIS/Include/cmsis_gcc.h ****   #pragma GCC diagnostic pop
  76:Drivers/CMSIS/Include/cmsis_gcc.h ****   #define __UNALIGNED_UINT32(x)                  (((struct T_UINT32 *)(x))->v)
  77:Drivers/CMSIS/Include/cmsis_gcc.h **** #endif
  78:Drivers/CMSIS/Include/cmsis_gcc.h **** #ifndef   __UNALIGNED_UINT16_WRITE
  79:Drivers/CMSIS/Include/cmsis_gcc.h ****   #pragma GCC diagnostic push
  80:Drivers/CMSIS/Include/cmsis_gcc.h ****   #pragma GCC diagnostic ignored "-Wpacked"
  81:Drivers/CMSIS/Include/cmsis_gcc.h ****   #pragma GCC diagnostic ignored "-Wattributes"
  82:Drivers/CMSIS/Include/cmsis_gcc.h ****   __PACKED_STRUCT T_UINT16_WRITE { uint16_t v; };
  83:Drivers/CMSIS/Include/cmsis_gcc.h ****   #pragma GCC diagnostic pop
  84:Drivers/CMSIS/Include/cmsis_gcc.h ****   #define __UNALIGNED_UINT16_WRITE(addr, val)    (void)((((struct T_UINT16_WRITE *)(void *)(addr))-
  85:Drivers/CMSIS/Include/cmsis_gcc.h **** #endif
  86:Drivers/CMSIS/Include/cmsis_gcc.h **** #ifndef   __UNALIGNED_UINT16_READ
  87:Drivers/CMSIS/Include/cmsis_gcc.h ****   #pragma GCC diagnostic push
  88:Drivers/CMSIS/Include/cmsis_gcc.h ****   #pragma GCC diagnostic ignored "-Wpacked"
  89:Drivers/CMSIS/Include/cmsis_gcc.h ****   #pragma GCC diagnostic ignored "-Wattributes"
  90:Drivers/CMSIS/Include/cmsis_gcc.h ****   __PACKED_STRUCT T_UINT16_READ { uint16_t v; };
  91:Drivers/CMSIS/Include/cmsis_gcc.h ****   #pragma GCC diagnostic pop
  92:Drivers/CMSIS/Include/cmsis_gcc.h ****   #define __UNALIGNED_UINT16_READ(addr)          (((const struct T_UINT16_READ *)(const void *)(add
  93:Drivers/CMSIS/Include/cmsis_gcc.h **** #endif
  94:Drivers/CMSIS/Include/cmsis_gcc.h **** #ifndef   __UNALIGNED_UINT32_WRITE
  95:Drivers/CMSIS/Include/cmsis_gcc.h ****   #pragma GCC diagnostic push
  96:Drivers/CMSIS/Include/cmsis_gcc.h ****   #pragma GCC diagnostic ignored "-Wpacked"
  97:Drivers/CMSIS/Include/cmsis_gcc.h ****   #pragma GCC diagnostic ignored "-Wattributes"
  98:Drivers/CMSIS/Include/cmsis_gcc.h ****   __PACKED_STRUCT T_UINT32_WRITE { uint32_t v; };
  99:Drivers/CMSIS/Include/cmsis_gcc.h ****   #pragma GCC diagnostic pop
 100:Drivers/CMSIS/Include/cmsis_gcc.h ****   #define __UNALIGNED_UINT32_WRITE(addr, val)    (void)((((struct T_UINT32_WRITE *)(void *)(addr))-
 101:Drivers/CMSIS/Include/cmsis_gcc.h **** #endif
 102:Drivers/CMSIS/Include/cmsis_gcc.h **** #ifndef   __UNALIGNED_UINT32_READ
 103:Drivers/CMSIS/Include/cmsis_gcc.h ****   #pragma GCC diagnostic push
 104:Drivers/CMSIS/Include/cmsis_gcc.h ****   #pragma GCC diagnostic ignored "-Wpacked"
 105:Drivers/CMSIS/Include/cmsis_gcc.h ****   #pragma GCC diagnostic ignored "-Wattributes"
 106:Drivers/CMSIS/Include/cmsis_gcc.h ****   __PACKED_STRUCT T_UINT32_READ { uint32_t v; };
 107:Drivers/CMSIS/Include/cmsis_gcc.h ****   #pragma GCC diagnostic pop
 108:Drivers/CMSIS/Include/cmsis_gcc.h ****   #define __UNALIGNED_UINT32_READ(addr)          (((const struct T_UINT32_READ *)(const void *)(add
 109:Drivers/CMSIS/Include/cmsis_gcc.h **** #endif
 110:Drivers/CMSIS/Include/cmsis_gcc.h **** #ifndef   __ALIGNED
 111:Drivers/CMSIS/Include/cmsis_gcc.h ****   #define __ALIGNED(x)                           __attribute__((aligned(x)))
 112:Drivers/CMSIS/Include/cmsis_gcc.h **** #endif
 113:Drivers/CMSIS/Include/cmsis_gcc.h **** #ifndef   __RESTRICT
 114:Drivers/CMSIS/Include/cmsis_gcc.h ****   #define __RESTRICT                             __restrict
 115:Drivers/CMSIS/Include/cmsis_gcc.h **** #endif
 116:Drivers/CMSIS/Include/cmsis_gcc.h **** #ifndef   __COMPILER_BARRIER
 117:Drivers/CMSIS/Include/cmsis_gcc.h ****   #define __COMPILER_BARRIER()                   __ASM volatile("":::"memory")
 118:Drivers/CMSIS/Include/cmsis_gcc.h **** #endif
 119:Drivers/CMSIS/Include/cmsis_gcc.h **** 
 120:Drivers/CMSIS/Include/cmsis_gcc.h **** /* #########################  Startup and Lowlevel Init  ######################## */
 121:Drivers/CMSIS/Include/cmsis_gcc.h **** 
 122:Drivers/CMSIS/Include/cmsis_gcc.h **** #ifndef __PROGRAM_START
 123:Drivers/CMSIS/Include/cmsis_gcc.h **** 
 124:Drivers/CMSIS/Include/cmsis_gcc.h **** /**
 125:Drivers/CMSIS/Include/cmsis_gcc.h ****   \brief   Initializes data and bss sections
 126:Drivers/CMSIS/Include/cmsis_gcc.h ****   \details This default implementations initialized all data and additional bss
 127:Drivers/CMSIS/Include/cmsis_gcc.h ****            sections relying on .copy.table and .zero.table specified properly
 128:Drivers/CMSIS/Include/cmsis_gcc.h ****            in the used linker script.
 129:Drivers/CMSIS/Include/cmsis_gcc.h **** 
ARM GAS  C:\Users\gabri\AppData\Local\Temp\cc2CDetW.s 			page 16


 130:Drivers/CMSIS/Include/cmsis_gcc.h ****  */
 131:Drivers/CMSIS/Include/cmsis_gcc.h **** __STATIC_FORCEINLINE __NO_RETURN void __cmsis_start(void)
 132:Drivers/CMSIS/Include/cmsis_gcc.h **** {
 133:Drivers/CMSIS/Include/cmsis_gcc.h ****   extern void _start(void) __NO_RETURN;
 134:Drivers/CMSIS/Include/cmsis_gcc.h **** 
 135:Drivers/CMSIS/Include/cmsis_gcc.h ****   typedef struct {
 136:Drivers/CMSIS/Include/cmsis_gcc.h ****     uint32_t const* src;
 137:Drivers/CMSIS/Include/cmsis_gcc.h ****     uint32_t* dest;
 138:Drivers/CMSIS/Include/cmsis_gcc.h ****     uint32_t  wlen;
 139:Drivers/CMSIS/Include/cmsis_gcc.h ****   } __copy_table_t;
 140:Drivers/CMSIS/Include/cmsis_gcc.h **** 
 141:Drivers/CMSIS/Include/cmsis_gcc.h ****   typedef struct {
 142:Drivers/CMSIS/Include/cmsis_gcc.h ****     uint32_t* dest;
 143:Drivers/CMSIS/Include/cmsis_gcc.h ****     uint32_t  wlen;
 144:Drivers/CMSIS/Include/cmsis_gcc.h ****   } __zero_table_t;
 145:Drivers/CMSIS/Include/cmsis_gcc.h **** 
 146:Drivers/CMSIS/Include/cmsis_gcc.h ****   extern const __copy_table_t __copy_table_start__;
 147:Drivers/CMSIS/Include/cmsis_gcc.h ****   extern const __copy_table_t __copy_table_end__;
 148:Drivers/CMSIS/Include/cmsis_gcc.h ****   extern const __zero_table_t __zero_table_start__;
 149:Drivers/CMSIS/Include/cmsis_gcc.h ****   extern const __zero_table_t __zero_table_end__;
 150:Drivers/CMSIS/Include/cmsis_gcc.h **** 
 151:Drivers/CMSIS/Include/cmsis_gcc.h ****   for (__copy_table_t const* pTable = &__copy_table_start__; pTable < &__copy_table_end__; ++pTable
 152:Drivers/CMSIS/Include/cmsis_gcc.h ****     for(uint32_t i=0u; i<pTable->wlen; ++i) {
 153:Drivers/CMSIS/Include/cmsis_gcc.h ****       pTable->dest[i] = pTable->src[i];
 154:Drivers/CMSIS/Include/cmsis_gcc.h ****     }
 155:Drivers/CMSIS/Include/cmsis_gcc.h ****   }
 156:Drivers/CMSIS/Include/cmsis_gcc.h **** 
 157:Drivers/CMSIS/Include/cmsis_gcc.h ****   for (__zero_table_t const* pTable = &__zero_table_start__; pTable < &__zero_table_end__; ++pTable
 158:Drivers/CMSIS/Include/cmsis_gcc.h ****     for(uint32_t i=0u; i<pTable->wlen; ++i) {
 159:Drivers/CMSIS/Include/cmsis_gcc.h ****       pTable->dest[i] = 0u;
 160:Drivers/CMSIS/Include/cmsis_gcc.h ****     }
 161:Drivers/CMSIS/Include/cmsis_gcc.h ****   }
 162:Drivers/CMSIS/Include/cmsis_gcc.h **** 
 163:Drivers/CMSIS/Include/cmsis_gcc.h ****   _start();
 164:Drivers/CMSIS/Include/cmsis_gcc.h **** }
 165:Drivers/CMSIS/Include/cmsis_gcc.h **** 
 166:Drivers/CMSIS/Include/cmsis_gcc.h **** #define __PROGRAM_START           __cmsis_start
 167:Drivers/CMSIS/Include/cmsis_gcc.h **** #endif
 168:Drivers/CMSIS/Include/cmsis_gcc.h **** 
 169:Drivers/CMSIS/Include/cmsis_gcc.h **** #ifndef __INITIAL_SP
 170:Drivers/CMSIS/Include/cmsis_gcc.h **** #define __INITIAL_SP              __StackTop
 171:Drivers/CMSIS/Include/cmsis_gcc.h **** #endif
 172:Drivers/CMSIS/Include/cmsis_gcc.h **** 
 173:Drivers/CMSIS/Include/cmsis_gcc.h **** #ifndef __STACK_LIMIT
 174:Drivers/CMSIS/Include/cmsis_gcc.h **** #define __STACK_LIMIT             __StackLimit
 175:Drivers/CMSIS/Include/cmsis_gcc.h **** #endif
 176:Drivers/CMSIS/Include/cmsis_gcc.h **** 
 177:Drivers/CMSIS/Include/cmsis_gcc.h **** #ifndef __VECTOR_TABLE
 178:Drivers/CMSIS/Include/cmsis_gcc.h **** #define __VECTOR_TABLE            __Vectors
 179:Drivers/CMSIS/Include/cmsis_gcc.h **** #endif
 180:Drivers/CMSIS/Include/cmsis_gcc.h **** 
 181:Drivers/CMSIS/Include/cmsis_gcc.h **** #ifndef __VECTOR_TABLE_ATTRIBUTE
 182:Drivers/CMSIS/Include/cmsis_gcc.h **** #define __VECTOR_TABLE_ATTRIBUTE  __attribute__((used, section(".vectors")))
 183:Drivers/CMSIS/Include/cmsis_gcc.h **** #endif
 184:Drivers/CMSIS/Include/cmsis_gcc.h **** 
 185:Drivers/CMSIS/Include/cmsis_gcc.h **** #if defined (__ARM_FEATURE_CMSE) && (__ARM_FEATURE_CMSE == 3U)
 186:Drivers/CMSIS/Include/cmsis_gcc.h **** #ifndef __STACK_SEAL
ARM GAS  C:\Users\gabri\AppData\Local\Temp\cc2CDetW.s 			page 17


 187:Drivers/CMSIS/Include/cmsis_gcc.h **** #define __STACK_SEAL              __StackSeal
 188:Drivers/CMSIS/Include/cmsis_gcc.h **** #endif
 189:Drivers/CMSIS/Include/cmsis_gcc.h **** 
 190:Drivers/CMSIS/Include/cmsis_gcc.h **** #ifndef __TZ_STACK_SEAL_SIZE
 191:Drivers/CMSIS/Include/cmsis_gcc.h **** #define __TZ_STACK_SEAL_SIZE      8U
 192:Drivers/CMSIS/Include/cmsis_gcc.h **** #endif
 193:Drivers/CMSIS/Include/cmsis_gcc.h **** 
 194:Drivers/CMSIS/Include/cmsis_gcc.h **** #ifndef __TZ_STACK_SEAL_VALUE
 195:Drivers/CMSIS/Include/cmsis_gcc.h **** #define __TZ_STACK_SEAL_VALUE     0xFEF5EDA5FEF5EDA5ULL
 196:Drivers/CMSIS/Include/cmsis_gcc.h **** #endif
 197:Drivers/CMSIS/Include/cmsis_gcc.h **** 
 198:Drivers/CMSIS/Include/cmsis_gcc.h **** 
 199:Drivers/CMSIS/Include/cmsis_gcc.h **** __STATIC_FORCEINLINE void __TZ_set_STACKSEAL_S (uint32_t* stackTop) {
 200:Drivers/CMSIS/Include/cmsis_gcc.h ****   *((uint64_t *)stackTop) = __TZ_STACK_SEAL_VALUE;
 201:Drivers/CMSIS/Include/cmsis_gcc.h **** }
 202:Drivers/CMSIS/Include/cmsis_gcc.h **** #endif
 203:Drivers/CMSIS/Include/cmsis_gcc.h **** 
 204:Drivers/CMSIS/Include/cmsis_gcc.h **** 
 205:Drivers/CMSIS/Include/cmsis_gcc.h **** /* ##########################  Core Instruction Access  ######################### */
 206:Drivers/CMSIS/Include/cmsis_gcc.h **** /** \defgroup CMSIS_Core_InstructionInterface CMSIS Core Instruction Interface
 207:Drivers/CMSIS/Include/cmsis_gcc.h ****   Access to dedicated instructions
 208:Drivers/CMSIS/Include/cmsis_gcc.h ****   @{
 209:Drivers/CMSIS/Include/cmsis_gcc.h **** */
 210:Drivers/CMSIS/Include/cmsis_gcc.h **** 
 211:Drivers/CMSIS/Include/cmsis_gcc.h **** /* Define macros for porting to both thumb1 and thumb2.
 212:Drivers/CMSIS/Include/cmsis_gcc.h ****  * For thumb1, use low register (r0-r7), specified by constraint "l"
 213:Drivers/CMSIS/Include/cmsis_gcc.h ****  * Otherwise, use general registers, specified by constraint "r" */
 214:Drivers/CMSIS/Include/cmsis_gcc.h **** #if defined (__thumb__) && !defined (__thumb2__)
 215:Drivers/CMSIS/Include/cmsis_gcc.h **** #define __CMSIS_GCC_OUT_REG(r) "=l" (r)
 216:Drivers/CMSIS/Include/cmsis_gcc.h **** #define __CMSIS_GCC_RW_REG(r) "+l" (r)
 217:Drivers/CMSIS/Include/cmsis_gcc.h **** #define __CMSIS_GCC_USE_REG(r) "l" (r)
 218:Drivers/CMSIS/Include/cmsis_gcc.h **** #else
 219:Drivers/CMSIS/Include/cmsis_gcc.h **** #define __CMSIS_GCC_OUT_REG(r) "=r" (r)
 220:Drivers/CMSIS/Include/cmsis_gcc.h **** #define __CMSIS_GCC_RW_REG(r) "+r" (r)
 221:Drivers/CMSIS/Include/cmsis_gcc.h **** #define __CMSIS_GCC_USE_REG(r) "r" (r)
 222:Drivers/CMSIS/Include/cmsis_gcc.h **** #endif
 223:Drivers/CMSIS/Include/cmsis_gcc.h **** 
 224:Drivers/CMSIS/Include/cmsis_gcc.h **** /**
 225:Drivers/CMSIS/Include/cmsis_gcc.h ****   \brief   No Operation
 226:Drivers/CMSIS/Include/cmsis_gcc.h ****   \details No Operation does nothing. This instruction can be used for code alignment purposes.
 227:Drivers/CMSIS/Include/cmsis_gcc.h ****  */
 228:Drivers/CMSIS/Include/cmsis_gcc.h **** #define __NOP()                             __ASM volatile ("nop")
 229:Drivers/CMSIS/Include/cmsis_gcc.h **** 
 230:Drivers/CMSIS/Include/cmsis_gcc.h **** /**
 231:Drivers/CMSIS/Include/cmsis_gcc.h ****   \brief   Wait For Interrupt
 232:Drivers/CMSIS/Include/cmsis_gcc.h ****   \details Wait For Interrupt is a hint instruction that suspends execution until one of a number o
 233:Drivers/CMSIS/Include/cmsis_gcc.h ****  */
 234:Drivers/CMSIS/Include/cmsis_gcc.h **** #define __WFI()                             __ASM volatile ("wfi":::"memory")
 235:Drivers/CMSIS/Include/cmsis_gcc.h **** 
 236:Drivers/CMSIS/Include/cmsis_gcc.h **** 
 237:Drivers/CMSIS/Include/cmsis_gcc.h **** /**
 238:Drivers/CMSIS/Include/cmsis_gcc.h ****   \brief   Wait For Event
 239:Drivers/CMSIS/Include/cmsis_gcc.h ****   \details Wait For Event is a hint instruction that permits the processor to enter
 240:Drivers/CMSIS/Include/cmsis_gcc.h ****            a low-power state until one of a number of events occurs.
 241:Drivers/CMSIS/Include/cmsis_gcc.h ****  */
 242:Drivers/CMSIS/Include/cmsis_gcc.h **** #define __WFE()                             __ASM volatile ("wfe":::"memory")
 243:Drivers/CMSIS/Include/cmsis_gcc.h **** 
ARM GAS  C:\Users\gabri\AppData\Local\Temp\cc2CDetW.s 			page 18


 244:Drivers/CMSIS/Include/cmsis_gcc.h **** 
 245:Drivers/CMSIS/Include/cmsis_gcc.h **** /**
 246:Drivers/CMSIS/Include/cmsis_gcc.h ****   \brief   Send Event
 247:Drivers/CMSIS/Include/cmsis_gcc.h ****   \details Send Event is a hint instruction. It causes an event to be signaled to the CPU.
 248:Drivers/CMSIS/Include/cmsis_gcc.h ****  */
 249:Drivers/CMSIS/Include/cmsis_gcc.h **** #define __SEV()                             __ASM volatile ("sev")
 250:Drivers/CMSIS/Include/cmsis_gcc.h **** 
 251:Drivers/CMSIS/Include/cmsis_gcc.h **** 
 252:Drivers/CMSIS/Include/cmsis_gcc.h **** /**
 253:Drivers/CMSIS/Include/cmsis_gcc.h ****   \brief   Instruction Synchronization Barrier
 254:Drivers/CMSIS/Include/cmsis_gcc.h ****   \details Instruction Synchronization Barrier flushes the pipeline in the processor,
 255:Drivers/CMSIS/Include/cmsis_gcc.h ****            so that all instructions following the ISB are fetched from cache or memory,
 256:Drivers/CMSIS/Include/cmsis_gcc.h ****            after the instruction has been completed.
 257:Drivers/CMSIS/Include/cmsis_gcc.h ****  */
 258:Drivers/CMSIS/Include/cmsis_gcc.h **** __STATIC_FORCEINLINE void __ISB(void)
 259:Drivers/CMSIS/Include/cmsis_gcc.h **** {
 260:Drivers/CMSIS/Include/cmsis_gcc.h ****   __ASM volatile ("isb 0xF":::"memory");
 261:Drivers/CMSIS/Include/cmsis_gcc.h **** }
 262:Drivers/CMSIS/Include/cmsis_gcc.h **** 
 263:Drivers/CMSIS/Include/cmsis_gcc.h **** 
 264:Drivers/CMSIS/Include/cmsis_gcc.h **** /**
 265:Drivers/CMSIS/Include/cmsis_gcc.h ****   \brief   Data Synchronization Barrier
 266:Drivers/CMSIS/Include/cmsis_gcc.h ****   \details Acts as a special kind of Data Memory Barrier.
 267:Drivers/CMSIS/Include/cmsis_gcc.h ****            It completes when all explicit memory accesses before this instruction complete.
 268:Drivers/CMSIS/Include/cmsis_gcc.h ****  */
 269:Drivers/CMSIS/Include/cmsis_gcc.h **** __STATIC_FORCEINLINE void __DSB(void)
 270:Drivers/CMSIS/Include/cmsis_gcc.h **** {
 271:Drivers/CMSIS/Include/cmsis_gcc.h ****   __ASM volatile ("dsb 0xF":::"memory");
 272:Drivers/CMSIS/Include/cmsis_gcc.h **** }
 273:Drivers/CMSIS/Include/cmsis_gcc.h **** 
 274:Drivers/CMSIS/Include/cmsis_gcc.h **** 
 275:Drivers/CMSIS/Include/cmsis_gcc.h **** /**
 276:Drivers/CMSIS/Include/cmsis_gcc.h ****   \brief   Data Memory Barrier
 277:Drivers/CMSIS/Include/cmsis_gcc.h ****   \details Ensures the apparent order of the explicit memory operations before
 278:Drivers/CMSIS/Include/cmsis_gcc.h ****            and after the instruction, without ensuring their completion.
 279:Drivers/CMSIS/Include/cmsis_gcc.h ****  */
 280:Drivers/CMSIS/Include/cmsis_gcc.h **** __STATIC_FORCEINLINE void __DMB(void)
 281:Drivers/CMSIS/Include/cmsis_gcc.h **** {
 282:Drivers/CMSIS/Include/cmsis_gcc.h ****   __ASM volatile ("dmb 0xF":::"memory");
 283:Drivers/CMSIS/Include/cmsis_gcc.h **** }
 284:Drivers/CMSIS/Include/cmsis_gcc.h **** 
 285:Drivers/CMSIS/Include/cmsis_gcc.h **** 
 286:Drivers/CMSIS/Include/cmsis_gcc.h **** /**
 287:Drivers/CMSIS/Include/cmsis_gcc.h ****   \brief   Reverse byte order (32 bit)
 288:Drivers/CMSIS/Include/cmsis_gcc.h ****   \details Reverses the byte order in unsigned integer value. For example, 0x12345678 becomes 0x785
 289:Drivers/CMSIS/Include/cmsis_gcc.h ****   \param [in]    value  Value to reverse
 290:Drivers/CMSIS/Include/cmsis_gcc.h ****   \return               Reversed value
 291:Drivers/CMSIS/Include/cmsis_gcc.h ****  */
 292:Drivers/CMSIS/Include/cmsis_gcc.h **** __STATIC_FORCEINLINE uint32_t __REV(uint32_t value)
 293:Drivers/CMSIS/Include/cmsis_gcc.h **** {
 294:Drivers/CMSIS/Include/cmsis_gcc.h **** #if (__GNUC__ > 4) || (__GNUC__ == 4 && __GNUC_MINOR__ >= 5)
 295:Drivers/CMSIS/Include/cmsis_gcc.h ****   return __builtin_bswap32(value);
 296:Drivers/CMSIS/Include/cmsis_gcc.h **** #else
 297:Drivers/CMSIS/Include/cmsis_gcc.h ****   uint32_t result;
 298:Drivers/CMSIS/Include/cmsis_gcc.h **** 
 299:Drivers/CMSIS/Include/cmsis_gcc.h ****   __ASM ("rev %0, %1" : __CMSIS_GCC_OUT_REG (result) : __CMSIS_GCC_USE_REG (value) );
 300:Drivers/CMSIS/Include/cmsis_gcc.h ****   return result;
ARM GAS  C:\Users\gabri\AppData\Local\Temp\cc2CDetW.s 			page 19


 301:Drivers/CMSIS/Include/cmsis_gcc.h **** #endif
 302:Drivers/CMSIS/Include/cmsis_gcc.h **** }
 303:Drivers/CMSIS/Include/cmsis_gcc.h **** 
 304:Drivers/CMSIS/Include/cmsis_gcc.h **** 
 305:Drivers/CMSIS/Include/cmsis_gcc.h **** /**
 306:Drivers/CMSIS/Include/cmsis_gcc.h ****   \brief   Reverse byte order (16 bit)
 307:Drivers/CMSIS/Include/cmsis_gcc.h ****   \details Reverses the byte order within each halfword of a word. For example, 0x12345678 becomes 
 308:Drivers/CMSIS/Include/cmsis_gcc.h ****   \param [in]    value  Value to reverse
 309:Drivers/CMSIS/Include/cmsis_gcc.h ****   \return               Reversed value
 310:Drivers/CMSIS/Include/cmsis_gcc.h ****  */
 311:Drivers/CMSIS/Include/cmsis_gcc.h **** __STATIC_FORCEINLINE uint32_t __REV16(uint32_t value)
 312:Drivers/CMSIS/Include/cmsis_gcc.h **** {
 313:Drivers/CMSIS/Include/cmsis_gcc.h ****   uint32_t result;
 314:Drivers/CMSIS/Include/cmsis_gcc.h **** 
 315:Drivers/CMSIS/Include/cmsis_gcc.h ****   __ASM ("rev16 %0, %1" : __CMSIS_GCC_OUT_REG (result) : __CMSIS_GCC_USE_REG (value) );
 316:Drivers/CMSIS/Include/cmsis_gcc.h ****   return result;
 317:Drivers/CMSIS/Include/cmsis_gcc.h **** }
 318:Drivers/CMSIS/Include/cmsis_gcc.h **** 
 319:Drivers/CMSIS/Include/cmsis_gcc.h **** 
 320:Drivers/CMSIS/Include/cmsis_gcc.h **** /**
 321:Drivers/CMSIS/Include/cmsis_gcc.h ****   \brief   Reverse byte order (16 bit)
 322:Drivers/CMSIS/Include/cmsis_gcc.h ****   \details Reverses the byte order in a 16-bit value and returns the signed 16-bit result. For exam
 323:Drivers/CMSIS/Include/cmsis_gcc.h ****   \param [in]    value  Value to reverse
 324:Drivers/CMSIS/Include/cmsis_gcc.h ****   \return               Reversed value
 325:Drivers/CMSIS/Include/cmsis_gcc.h ****  */
 326:Drivers/CMSIS/Include/cmsis_gcc.h **** __STATIC_FORCEINLINE int16_t __REVSH(int16_t value)
 327:Drivers/CMSIS/Include/cmsis_gcc.h **** {
 328:Drivers/CMSIS/Include/cmsis_gcc.h **** #if (__GNUC__ > 4) || (__GNUC__ == 4 && __GNUC_MINOR__ >= 8)
 329:Drivers/CMSIS/Include/cmsis_gcc.h ****   return (int16_t)__builtin_bswap16(value);
 330:Drivers/CMSIS/Include/cmsis_gcc.h **** #else
 331:Drivers/CMSIS/Include/cmsis_gcc.h ****   int16_t result;
 332:Drivers/CMSIS/Include/cmsis_gcc.h **** 
 333:Drivers/CMSIS/Include/cmsis_gcc.h ****   __ASM ("revsh %0, %1" : __CMSIS_GCC_OUT_REG (result) : __CMSIS_GCC_USE_REG (value) );
 334:Drivers/CMSIS/Include/cmsis_gcc.h ****   return result;
 335:Drivers/CMSIS/Include/cmsis_gcc.h **** #endif
 336:Drivers/CMSIS/Include/cmsis_gcc.h **** }
 337:Drivers/CMSIS/Include/cmsis_gcc.h **** 
 338:Drivers/CMSIS/Include/cmsis_gcc.h **** 
 339:Drivers/CMSIS/Include/cmsis_gcc.h **** /**
 340:Drivers/CMSIS/Include/cmsis_gcc.h ****   \brief   Rotate Right in unsigned value (32 bit)
 341:Drivers/CMSIS/Include/cmsis_gcc.h ****   \details Rotate Right (immediate) provides the value of the contents of a register rotated by a v
 342:Drivers/CMSIS/Include/cmsis_gcc.h ****   \param [in]    op1  Value to rotate
 343:Drivers/CMSIS/Include/cmsis_gcc.h ****   \param [in]    op2  Number of Bits to rotate
 344:Drivers/CMSIS/Include/cmsis_gcc.h ****   \return               Rotated value
 345:Drivers/CMSIS/Include/cmsis_gcc.h ****  */
 346:Drivers/CMSIS/Include/cmsis_gcc.h **** __STATIC_FORCEINLINE uint32_t __ROR(uint32_t op1, uint32_t op2)
 347:Drivers/CMSIS/Include/cmsis_gcc.h **** {
 348:Drivers/CMSIS/Include/cmsis_gcc.h ****   op2 %= 32U;
 349:Drivers/CMSIS/Include/cmsis_gcc.h ****   if (op2 == 0U)
 350:Drivers/CMSIS/Include/cmsis_gcc.h ****   {
 351:Drivers/CMSIS/Include/cmsis_gcc.h ****     return op1;
 352:Drivers/CMSIS/Include/cmsis_gcc.h ****   }
 353:Drivers/CMSIS/Include/cmsis_gcc.h ****   return (op1 >> op2) | (op1 << (32U - op2));
 354:Drivers/CMSIS/Include/cmsis_gcc.h **** }
 355:Drivers/CMSIS/Include/cmsis_gcc.h **** 
 356:Drivers/CMSIS/Include/cmsis_gcc.h **** 
 357:Drivers/CMSIS/Include/cmsis_gcc.h **** /**
ARM GAS  C:\Users\gabri\AppData\Local\Temp\cc2CDetW.s 			page 20


 358:Drivers/CMSIS/Include/cmsis_gcc.h ****   \brief   Breakpoint
 359:Drivers/CMSIS/Include/cmsis_gcc.h ****   \details Causes the processor to enter Debug state.
 360:Drivers/CMSIS/Include/cmsis_gcc.h ****            Debug tools can use this to investigate system state when the instruction at a particula
 361:Drivers/CMSIS/Include/cmsis_gcc.h ****   \param [in]    value  is ignored by the processor.
 362:Drivers/CMSIS/Include/cmsis_gcc.h ****                  If required, a debugger can use it to store additional information about the break
 363:Drivers/CMSIS/Include/cmsis_gcc.h ****  */
 364:Drivers/CMSIS/Include/cmsis_gcc.h **** #define __BKPT(value)                       __ASM volatile ("bkpt "#value)
 365:Drivers/CMSIS/Include/cmsis_gcc.h **** 
 366:Drivers/CMSIS/Include/cmsis_gcc.h **** 
 367:Drivers/CMSIS/Include/cmsis_gcc.h **** /**
 368:Drivers/CMSIS/Include/cmsis_gcc.h ****   \brief   Reverse bit order of value
 369:Drivers/CMSIS/Include/cmsis_gcc.h ****   \details Reverses the bit order of the given value.
 370:Drivers/CMSIS/Include/cmsis_gcc.h ****   \param [in]    value  Value to reverse
 371:Drivers/CMSIS/Include/cmsis_gcc.h ****   \return               Reversed value
 372:Drivers/CMSIS/Include/cmsis_gcc.h ****  */
 373:Drivers/CMSIS/Include/cmsis_gcc.h **** __STATIC_FORCEINLINE uint32_t __RBIT(uint32_t value)
 374:Drivers/CMSIS/Include/cmsis_gcc.h **** {
 375:Drivers/CMSIS/Include/cmsis_gcc.h ****   uint32_t result;
 376:Drivers/CMSIS/Include/cmsis_gcc.h **** 
 377:Drivers/CMSIS/Include/cmsis_gcc.h **** #if ((defined (__ARM_ARCH_7M__      ) && (__ARM_ARCH_7M__      == 1)) || \
 378:Drivers/CMSIS/Include/cmsis_gcc.h ****      (defined (__ARM_ARCH_7EM__     ) && (__ARM_ARCH_7EM__     == 1)) || \
 379:Drivers/CMSIS/Include/cmsis_gcc.h ****      (defined (__ARM_ARCH_8M_MAIN__ ) && (__ARM_ARCH_8M_MAIN__ == 1))    )
 380:Drivers/CMSIS/Include/cmsis_gcc.h ****    __ASM ("rbit %0, %1" : "=r" (result) : "r" (value) );
 381:Drivers/CMSIS/Include/cmsis_gcc.h **** #else
 382:Drivers/CMSIS/Include/cmsis_gcc.h ****   uint32_t s = (4U /*sizeof(v)*/ * 8U) - 1U; /* extra shift needed at end */
 383:Drivers/CMSIS/Include/cmsis_gcc.h **** 
 384:Drivers/CMSIS/Include/cmsis_gcc.h ****   result = value;                      /* r will be reversed bits of v; first get LSB of v */
 385:Drivers/CMSIS/Include/cmsis_gcc.h ****   for (value >>= 1U; value != 0U; value >>= 1U)
 386:Drivers/CMSIS/Include/cmsis_gcc.h ****   {
 387:Drivers/CMSIS/Include/cmsis_gcc.h ****     result <<= 1U;
 388:Drivers/CMSIS/Include/cmsis_gcc.h ****     result |= value & 1U;
 389:Drivers/CMSIS/Include/cmsis_gcc.h ****     s--;
 390:Drivers/CMSIS/Include/cmsis_gcc.h ****   }
 391:Drivers/CMSIS/Include/cmsis_gcc.h ****   result <<= s;                        /* shift when v's highest bits are zero */
 392:Drivers/CMSIS/Include/cmsis_gcc.h **** #endif
 393:Drivers/CMSIS/Include/cmsis_gcc.h ****   return result;
 394:Drivers/CMSIS/Include/cmsis_gcc.h **** }
 395:Drivers/CMSIS/Include/cmsis_gcc.h **** 
 396:Drivers/CMSIS/Include/cmsis_gcc.h **** 
 397:Drivers/CMSIS/Include/cmsis_gcc.h **** /**
 398:Drivers/CMSIS/Include/cmsis_gcc.h ****   \brief   Count leading zeros
 399:Drivers/CMSIS/Include/cmsis_gcc.h ****   \details Counts the number of leading zeros of a data value.
 400:Drivers/CMSIS/Include/cmsis_gcc.h ****   \param [in]  value  Value to count the leading zeros
 401:Drivers/CMSIS/Include/cmsis_gcc.h ****   \return             number of leading zeros in value
 402:Drivers/CMSIS/Include/cmsis_gcc.h ****  */
 403:Drivers/CMSIS/Include/cmsis_gcc.h **** __STATIC_FORCEINLINE uint8_t __CLZ(uint32_t value)
 404:Drivers/CMSIS/Include/cmsis_gcc.h **** {
 405:Drivers/CMSIS/Include/cmsis_gcc.h ****   /* Even though __builtin_clz produces a CLZ instruction on ARM, formally
 406:Drivers/CMSIS/Include/cmsis_gcc.h ****      __builtin_clz(0) is undefined behaviour, so handle this case specially.
 407:Drivers/CMSIS/Include/cmsis_gcc.h ****      This guarantees ARM-compatible results if happening to compile on a non-ARM
 408:Drivers/CMSIS/Include/cmsis_gcc.h ****      target, and ensures the compiler doesn't decide to activate any
 409:Drivers/CMSIS/Include/cmsis_gcc.h ****      optimisations using the logic "value was passed to __builtin_clz, so it
 410:Drivers/CMSIS/Include/cmsis_gcc.h ****      is non-zero".
 411:Drivers/CMSIS/Include/cmsis_gcc.h ****      ARM GCC 7.3 and possibly earlier will optimise this test away, leaving a
 412:Drivers/CMSIS/Include/cmsis_gcc.h ****      single CLZ instruction.
 413:Drivers/CMSIS/Include/cmsis_gcc.h ****    */
 414:Drivers/CMSIS/Include/cmsis_gcc.h ****   if (value == 0U)
ARM GAS  C:\Users\gabri\AppData\Local\Temp\cc2CDetW.s 			page 21


 415:Drivers/CMSIS/Include/cmsis_gcc.h ****   {
 416:Drivers/CMSIS/Include/cmsis_gcc.h ****     return 32U;
 417:Drivers/CMSIS/Include/cmsis_gcc.h ****   }
 418:Drivers/CMSIS/Include/cmsis_gcc.h ****   return __builtin_clz(value);
 419:Drivers/CMSIS/Include/cmsis_gcc.h **** }
 420:Drivers/CMSIS/Include/cmsis_gcc.h **** 
 421:Drivers/CMSIS/Include/cmsis_gcc.h **** 
 422:Drivers/CMSIS/Include/cmsis_gcc.h **** #if ((defined (__ARM_ARCH_7M__      ) && (__ARM_ARCH_7M__      == 1)) || \
 423:Drivers/CMSIS/Include/cmsis_gcc.h ****      (defined (__ARM_ARCH_7EM__     ) && (__ARM_ARCH_7EM__     == 1)) || \
 424:Drivers/CMSIS/Include/cmsis_gcc.h ****      (defined (__ARM_ARCH_8M_MAIN__ ) && (__ARM_ARCH_8M_MAIN__ == 1)) || \
 425:Drivers/CMSIS/Include/cmsis_gcc.h ****      (defined (__ARM_ARCH_8M_BASE__ ) && (__ARM_ARCH_8M_BASE__ == 1))    )
 426:Drivers/CMSIS/Include/cmsis_gcc.h **** /**
 427:Drivers/CMSIS/Include/cmsis_gcc.h ****   \brief   LDR Exclusive (8 bit)
 428:Drivers/CMSIS/Include/cmsis_gcc.h ****   \details Executes a exclusive LDR instruction for 8 bit value.
 429:Drivers/CMSIS/Include/cmsis_gcc.h ****   \param [in]    ptr  Pointer to data
 430:Drivers/CMSIS/Include/cmsis_gcc.h ****   \return             value of type uint8_t at (*ptr)
 431:Drivers/CMSIS/Include/cmsis_gcc.h ****  */
 432:Drivers/CMSIS/Include/cmsis_gcc.h **** __STATIC_FORCEINLINE uint8_t __LDREXB(volatile uint8_t *addr)
 433:Drivers/CMSIS/Include/cmsis_gcc.h **** {
 434:Drivers/CMSIS/Include/cmsis_gcc.h ****     uint32_t result;
 435:Drivers/CMSIS/Include/cmsis_gcc.h **** 
 436:Drivers/CMSIS/Include/cmsis_gcc.h **** #if (__GNUC__ > 4) || (__GNUC__ == 4 && __GNUC_MINOR__ >= 8)
 437:Drivers/CMSIS/Include/cmsis_gcc.h ****    __ASM volatile ("ldrexb %0, %1" : "=r" (result) : "Q" (*addr) );
 438:Drivers/CMSIS/Include/cmsis_gcc.h **** #else
 439:Drivers/CMSIS/Include/cmsis_gcc.h ****     /* Prior to GCC 4.8, "Q" will be expanded to [rx, #0] which is not
 440:Drivers/CMSIS/Include/cmsis_gcc.h ****        accepted by assembler. So has to use following less efficient pattern.
 441:Drivers/CMSIS/Include/cmsis_gcc.h ****     */
 442:Drivers/CMSIS/Include/cmsis_gcc.h ****    __ASM volatile ("ldrexb %0, [%1]" : "=r" (result) : "r" (addr) : "memory" );
 443:Drivers/CMSIS/Include/cmsis_gcc.h **** #endif
 444:Drivers/CMSIS/Include/cmsis_gcc.h ****    return ((uint8_t) result);    /* Add explicit type cast here */
 445:Drivers/CMSIS/Include/cmsis_gcc.h **** }
 446:Drivers/CMSIS/Include/cmsis_gcc.h **** 
 447:Drivers/CMSIS/Include/cmsis_gcc.h **** 
 448:Drivers/CMSIS/Include/cmsis_gcc.h **** /**
 449:Drivers/CMSIS/Include/cmsis_gcc.h ****   \brief   LDR Exclusive (16 bit)
 450:Drivers/CMSIS/Include/cmsis_gcc.h ****   \details Executes a exclusive LDR instruction for 16 bit values.
 451:Drivers/CMSIS/Include/cmsis_gcc.h ****   \param [in]    ptr  Pointer to data
 452:Drivers/CMSIS/Include/cmsis_gcc.h ****   \return        value of type uint16_t at (*ptr)
 453:Drivers/CMSIS/Include/cmsis_gcc.h ****  */
 454:Drivers/CMSIS/Include/cmsis_gcc.h **** __STATIC_FORCEINLINE uint16_t __LDREXH(volatile uint16_t *addr)
 455:Drivers/CMSIS/Include/cmsis_gcc.h **** {
 456:Drivers/CMSIS/Include/cmsis_gcc.h ****     uint32_t result;
 457:Drivers/CMSIS/Include/cmsis_gcc.h **** 
 458:Drivers/CMSIS/Include/cmsis_gcc.h **** #if (__GNUC__ > 4) || (__GNUC__ == 4 && __GNUC_MINOR__ >= 8)
 459:Drivers/CMSIS/Include/cmsis_gcc.h ****    __ASM volatile ("ldrexh %0, %1" : "=r" (result) : "Q" (*addr) );
 460:Drivers/CMSIS/Include/cmsis_gcc.h **** #else
 461:Drivers/CMSIS/Include/cmsis_gcc.h ****     /* Prior to GCC 4.8, "Q" will be expanded to [rx, #0] which is not
 462:Drivers/CMSIS/Include/cmsis_gcc.h ****        accepted by assembler. So has to use following less efficient pattern.
 463:Drivers/CMSIS/Include/cmsis_gcc.h ****     */
 464:Drivers/CMSIS/Include/cmsis_gcc.h ****    __ASM volatile ("ldrexh %0, [%1]" : "=r" (result) : "r" (addr) : "memory" );
 465:Drivers/CMSIS/Include/cmsis_gcc.h **** #endif
 466:Drivers/CMSIS/Include/cmsis_gcc.h ****    return ((uint16_t) result);    /* Add explicit type cast here */
 467:Drivers/CMSIS/Include/cmsis_gcc.h **** }
 468:Drivers/CMSIS/Include/cmsis_gcc.h **** 
 469:Drivers/CMSIS/Include/cmsis_gcc.h **** 
 470:Drivers/CMSIS/Include/cmsis_gcc.h **** /**
 471:Drivers/CMSIS/Include/cmsis_gcc.h ****   \brief   LDR Exclusive (32 bit)
ARM GAS  C:\Users\gabri\AppData\Local\Temp\cc2CDetW.s 			page 22


 472:Drivers/CMSIS/Include/cmsis_gcc.h ****   \details Executes a exclusive LDR instruction for 32 bit values.
 473:Drivers/CMSIS/Include/cmsis_gcc.h ****   \param [in]    ptr  Pointer to data
 474:Drivers/CMSIS/Include/cmsis_gcc.h ****   \return        value of type uint32_t at (*ptr)
 475:Drivers/CMSIS/Include/cmsis_gcc.h ****  */
 476:Drivers/CMSIS/Include/cmsis_gcc.h **** __STATIC_FORCEINLINE uint32_t __LDREXW(volatile uint32_t *addr)
 477:Drivers/CMSIS/Include/cmsis_gcc.h **** {
 478:Drivers/CMSIS/Include/cmsis_gcc.h ****     uint32_t result;
 479:Drivers/CMSIS/Include/cmsis_gcc.h **** 
 480:Drivers/CMSIS/Include/cmsis_gcc.h ****    __ASM volatile ("ldrex %0, %1" : "=r" (result) : "Q" (*addr) );
 481:Drivers/CMSIS/Include/cmsis_gcc.h ****    return(result);
 482:Drivers/CMSIS/Include/cmsis_gcc.h **** }
 483:Drivers/CMSIS/Include/cmsis_gcc.h **** 
 484:Drivers/CMSIS/Include/cmsis_gcc.h **** 
 485:Drivers/CMSIS/Include/cmsis_gcc.h **** /**
 486:Drivers/CMSIS/Include/cmsis_gcc.h ****   \brief   STR Exclusive (8 bit)
 487:Drivers/CMSIS/Include/cmsis_gcc.h ****   \details Executes a exclusive STR instruction for 8 bit values.
 488:Drivers/CMSIS/Include/cmsis_gcc.h ****   \param [in]  value  Value to store
 489:Drivers/CMSIS/Include/cmsis_gcc.h ****   \param [in]    ptr  Pointer to location
 490:Drivers/CMSIS/Include/cmsis_gcc.h ****   \return          0  Function succeeded
 491:Drivers/CMSIS/Include/cmsis_gcc.h ****   \return          1  Function failed
 492:Drivers/CMSIS/Include/cmsis_gcc.h ****  */
 493:Drivers/CMSIS/Include/cmsis_gcc.h **** __STATIC_FORCEINLINE uint32_t __STREXB(uint8_t value, volatile uint8_t *addr)
 494:Drivers/CMSIS/Include/cmsis_gcc.h **** {
 495:Drivers/CMSIS/Include/cmsis_gcc.h ****    uint32_t result;
 496:Drivers/CMSIS/Include/cmsis_gcc.h **** 
 497:Drivers/CMSIS/Include/cmsis_gcc.h ****    __ASM volatile ("strexb %0, %2, %1" : "=&r" (result), "=Q" (*addr) : "r" ((uint32_t)value) );
 498:Drivers/CMSIS/Include/cmsis_gcc.h ****    return(result);
 499:Drivers/CMSIS/Include/cmsis_gcc.h **** }
 500:Drivers/CMSIS/Include/cmsis_gcc.h **** 
 501:Drivers/CMSIS/Include/cmsis_gcc.h **** 
 502:Drivers/CMSIS/Include/cmsis_gcc.h **** /**
 503:Drivers/CMSIS/Include/cmsis_gcc.h ****   \brief   STR Exclusive (16 bit)
 504:Drivers/CMSIS/Include/cmsis_gcc.h ****   \details Executes a exclusive STR instruction for 16 bit values.
 505:Drivers/CMSIS/Include/cmsis_gcc.h ****   \param [in]  value  Value to store
 506:Drivers/CMSIS/Include/cmsis_gcc.h ****   \param [in]    ptr  Pointer to location
 507:Drivers/CMSIS/Include/cmsis_gcc.h ****   \return          0  Function succeeded
 508:Drivers/CMSIS/Include/cmsis_gcc.h ****   \return          1  Function failed
 509:Drivers/CMSIS/Include/cmsis_gcc.h ****  */
 510:Drivers/CMSIS/Include/cmsis_gcc.h **** __STATIC_FORCEINLINE uint32_t __STREXH(uint16_t value, volatile uint16_t *addr)
 511:Drivers/CMSIS/Include/cmsis_gcc.h **** {
 512:Drivers/CMSIS/Include/cmsis_gcc.h ****    uint32_t result;
 513:Drivers/CMSIS/Include/cmsis_gcc.h **** 
 514:Drivers/CMSIS/Include/cmsis_gcc.h ****    __ASM volatile ("strexh %0, %2, %1" : "=&r" (result), "=Q" (*addr) : "r" ((uint32_t)value) );
 515:Drivers/CMSIS/Include/cmsis_gcc.h ****    return(result);
 516:Drivers/CMSIS/Include/cmsis_gcc.h **** }
 517:Drivers/CMSIS/Include/cmsis_gcc.h **** 
 518:Drivers/CMSIS/Include/cmsis_gcc.h **** 
 519:Drivers/CMSIS/Include/cmsis_gcc.h **** /**
 520:Drivers/CMSIS/Include/cmsis_gcc.h ****   \brief   STR Exclusive (32 bit)
 521:Drivers/CMSIS/Include/cmsis_gcc.h ****   \details Executes a exclusive STR instruction for 32 bit values.
 522:Drivers/CMSIS/Include/cmsis_gcc.h ****   \param [in]  value  Value to store
 523:Drivers/CMSIS/Include/cmsis_gcc.h ****   \param [in]    ptr  Pointer to location
 524:Drivers/CMSIS/Include/cmsis_gcc.h ****   \return          0  Function succeeded
 525:Drivers/CMSIS/Include/cmsis_gcc.h ****   \return          1  Function failed
 526:Drivers/CMSIS/Include/cmsis_gcc.h ****  */
 527:Drivers/CMSIS/Include/cmsis_gcc.h **** __STATIC_FORCEINLINE uint32_t __STREXW(uint32_t value, volatile uint32_t *addr)
 528:Drivers/CMSIS/Include/cmsis_gcc.h **** {
ARM GAS  C:\Users\gabri\AppData\Local\Temp\cc2CDetW.s 			page 23


 529:Drivers/CMSIS/Include/cmsis_gcc.h ****    uint32_t result;
 530:Drivers/CMSIS/Include/cmsis_gcc.h **** 
 531:Drivers/CMSIS/Include/cmsis_gcc.h ****    __ASM volatile ("strex %0, %2, %1" : "=&r" (result), "=Q" (*addr) : "r" (value) );
 532:Drivers/CMSIS/Include/cmsis_gcc.h ****    return(result);
 533:Drivers/CMSIS/Include/cmsis_gcc.h **** }
 534:Drivers/CMSIS/Include/cmsis_gcc.h **** 
 535:Drivers/CMSIS/Include/cmsis_gcc.h **** 
 536:Drivers/CMSIS/Include/cmsis_gcc.h **** /**
 537:Drivers/CMSIS/Include/cmsis_gcc.h ****   \brief   Remove the exclusive lock
 538:Drivers/CMSIS/Include/cmsis_gcc.h ****   \details Removes the exclusive lock which is created by LDREX.
 539:Drivers/CMSIS/Include/cmsis_gcc.h ****  */
 540:Drivers/CMSIS/Include/cmsis_gcc.h **** __STATIC_FORCEINLINE void __CLREX(void)
 541:Drivers/CMSIS/Include/cmsis_gcc.h **** {
 542:Drivers/CMSIS/Include/cmsis_gcc.h ****   __ASM volatile ("clrex" ::: "memory");
 543:Drivers/CMSIS/Include/cmsis_gcc.h **** }
 544:Drivers/CMSIS/Include/cmsis_gcc.h **** 
 545:Drivers/CMSIS/Include/cmsis_gcc.h **** #endif /* ((defined (__ARM_ARCH_7M__      ) && (__ARM_ARCH_7M__      == 1)) || \
 546:Drivers/CMSIS/Include/cmsis_gcc.h ****            (defined (__ARM_ARCH_7EM__     ) && (__ARM_ARCH_7EM__     == 1)) || \
 547:Drivers/CMSIS/Include/cmsis_gcc.h ****            (defined (__ARM_ARCH_8M_MAIN__ ) && (__ARM_ARCH_8M_MAIN__ == 1)) || \
 548:Drivers/CMSIS/Include/cmsis_gcc.h ****            (defined (__ARM_ARCH_8M_BASE__ ) && (__ARM_ARCH_8M_BASE__ == 1))    ) */
 549:Drivers/CMSIS/Include/cmsis_gcc.h **** 
 550:Drivers/CMSIS/Include/cmsis_gcc.h **** 
 551:Drivers/CMSIS/Include/cmsis_gcc.h **** #if ((defined (__ARM_ARCH_7M__      ) && (__ARM_ARCH_7M__      == 1)) || \
 552:Drivers/CMSIS/Include/cmsis_gcc.h ****      (defined (__ARM_ARCH_7EM__     ) && (__ARM_ARCH_7EM__     == 1)) || \
 553:Drivers/CMSIS/Include/cmsis_gcc.h ****      (defined (__ARM_ARCH_8M_MAIN__ ) && (__ARM_ARCH_8M_MAIN__ == 1))    )
 554:Drivers/CMSIS/Include/cmsis_gcc.h **** /**
 555:Drivers/CMSIS/Include/cmsis_gcc.h ****   \brief   Signed Saturate
 556:Drivers/CMSIS/Include/cmsis_gcc.h ****   \details Saturates a signed value.
 557:Drivers/CMSIS/Include/cmsis_gcc.h ****   \param [in]  ARG1  Value to be saturated
 558:Drivers/CMSIS/Include/cmsis_gcc.h ****   \param [in]  ARG2  Bit position to saturate to (1..32)
 559:Drivers/CMSIS/Include/cmsis_gcc.h ****   \return             Saturated value
 560:Drivers/CMSIS/Include/cmsis_gcc.h ****  */
 561:Drivers/CMSIS/Include/cmsis_gcc.h **** #define __SSAT(ARG1, ARG2) \
 562:Drivers/CMSIS/Include/cmsis_gcc.h **** __extension__ \
 563:Drivers/CMSIS/Include/cmsis_gcc.h **** ({                          \
 564:Drivers/CMSIS/Include/cmsis_gcc.h ****   int32_t __RES, __ARG1 = (ARG1); \
 565:Drivers/CMSIS/Include/cmsis_gcc.h ****   __ASM volatile ("ssat %0, %1, %2" : "=r" (__RES) :  "I" (ARG2), "r" (__ARG1) : "cc" ); \
 566:Drivers/CMSIS/Include/cmsis_gcc.h ****   __RES; \
 567:Drivers/CMSIS/Include/cmsis_gcc.h ****  })
 568:Drivers/CMSIS/Include/cmsis_gcc.h **** 
 569:Drivers/CMSIS/Include/cmsis_gcc.h **** 
 570:Drivers/CMSIS/Include/cmsis_gcc.h **** /**
 571:Drivers/CMSIS/Include/cmsis_gcc.h ****   \brief   Unsigned Saturate
 572:Drivers/CMSIS/Include/cmsis_gcc.h ****   \details Saturates an unsigned value.
 573:Drivers/CMSIS/Include/cmsis_gcc.h ****   \param [in]  ARG1  Value to be saturated
 574:Drivers/CMSIS/Include/cmsis_gcc.h ****   \param [in]  ARG2  Bit position to saturate to (0..31)
 575:Drivers/CMSIS/Include/cmsis_gcc.h ****   \return             Saturated value
 576:Drivers/CMSIS/Include/cmsis_gcc.h ****  */
 577:Drivers/CMSIS/Include/cmsis_gcc.h **** #define __USAT(ARG1, ARG2) \
 578:Drivers/CMSIS/Include/cmsis_gcc.h **** __extension__ \
 579:Drivers/CMSIS/Include/cmsis_gcc.h **** ({                          \
 580:Drivers/CMSIS/Include/cmsis_gcc.h ****   uint32_t __RES, __ARG1 = (ARG1); \
 581:Drivers/CMSIS/Include/cmsis_gcc.h ****   __ASM volatile ("usat %0, %1, %2" : "=r" (__RES) :  "I" (ARG2), "r" (__ARG1) : "cc" ); \
 582:Drivers/CMSIS/Include/cmsis_gcc.h ****   __RES; \
 583:Drivers/CMSIS/Include/cmsis_gcc.h ****  })
 584:Drivers/CMSIS/Include/cmsis_gcc.h **** 
 585:Drivers/CMSIS/Include/cmsis_gcc.h **** 
ARM GAS  C:\Users\gabri\AppData\Local\Temp\cc2CDetW.s 			page 24


 586:Drivers/CMSIS/Include/cmsis_gcc.h **** /**
 587:Drivers/CMSIS/Include/cmsis_gcc.h ****   \brief   Rotate Right with Extend (32 bit)
 588:Drivers/CMSIS/Include/cmsis_gcc.h ****   \details Moves each bit of a bitstring right by one bit.
 589:Drivers/CMSIS/Include/cmsis_gcc.h ****            The carry input is shifted in at the left end of the bitstring.
 590:Drivers/CMSIS/Include/cmsis_gcc.h ****   \param [in]    value  Value to rotate
 591:Drivers/CMSIS/Include/cmsis_gcc.h ****   \return               Rotated value
 592:Drivers/CMSIS/Include/cmsis_gcc.h ****  */
 593:Drivers/CMSIS/Include/cmsis_gcc.h **** __STATIC_FORCEINLINE uint32_t __RRX(uint32_t value)
 594:Drivers/CMSIS/Include/cmsis_gcc.h **** {
 595:Drivers/CMSIS/Include/cmsis_gcc.h ****   uint32_t result;
 596:Drivers/CMSIS/Include/cmsis_gcc.h **** 
 597:Drivers/CMSIS/Include/cmsis_gcc.h ****   __ASM volatile ("rrx %0, %1" : __CMSIS_GCC_OUT_REG (result) : __CMSIS_GCC_USE_REG (value) );
 598:Drivers/CMSIS/Include/cmsis_gcc.h ****   return(result);
 599:Drivers/CMSIS/Include/cmsis_gcc.h **** }
 600:Drivers/CMSIS/Include/cmsis_gcc.h **** 
 601:Drivers/CMSIS/Include/cmsis_gcc.h **** 
 602:Drivers/CMSIS/Include/cmsis_gcc.h **** /**
 603:Drivers/CMSIS/Include/cmsis_gcc.h ****   \brief   LDRT Unprivileged (8 bit)
 604:Drivers/CMSIS/Include/cmsis_gcc.h ****   \details Executes a Unprivileged LDRT instruction for 8 bit value.
 605:Drivers/CMSIS/Include/cmsis_gcc.h ****   \param [in]    ptr  Pointer to data
 606:Drivers/CMSIS/Include/cmsis_gcc.h ****   \return             value of type uint8_t at (*ptr)
 607:Drivers/CMSIS/Include/cmsis_gcc.h ****  */
 608:Drivers/CMSIS/Include/cmsis_gcc.h **** __STATIC_FORCEINLINE uint8_t __LDRBT(volatile uint8_t *ptr)
 609:Drivers/CMSIS/Include/cmsis_gcc.h **** {
 610:Drivers/CMSIS/Include/cmsis_gcc.h ****     uint32_t result;
 611:Drivers/CMSIS/Include/cmsis_gcc.h **** 
 612:Drivers/CMSIS/Include/cmsis_gcc.h **** #if (__GNUC__ > 4) || (__GNUC__ == 4 && __GNUC_MINOR__ >= 8)
 613:Drivers/CMSIS/Include/cmsis_gcc.h ****    __ASM volatile ("ldrbt %0, %1" : "=r" (result) : "Q" (*ptr) );
 614:Drivers/CMSIS/Include/cmsis_gcc.h **** #else
 615:Drivers/CMSIS/Include/cmsis_gcc.h ****     /* Prior to GCC 4.8, "Q" will be expanded to [rx, #0] which is not
 616:Drivers/CMSIS/Include/cmsis_gcc.h ****        accepted by assembler. So has to use following less efficient pattern.
 617:Drivers/CMSIS/Include/cmsis_gcc.h ****     */
 618:Drivers/CMSIS/Include/cmsis_gcc.h ****    __ASM volatile ("ldrbt %0, [%1]" : "=r" (result) : "r" (ptr) : "memory" );
 619:Drivers/CMSIS/Include/cmsis_gcc.h **** #endif
 620:Drivers/CMSIS/Include/cmsis_gcc.h ****    return ((uint8_t) result);    /* Add explicit type cast here */
 621:Drivers/CMSIS/Include/cmsis_gcc.h **** }
 622:Drivers/CMSIS/Include/cmsis_gcc.h **** 
 623:Drivers/CMSIS/Include/cmsis_gcc.h **** 
 624:Drivers/CMSIS/Include/cmsis_gcc.h **** /**
 625:Drivers/CMSIS/Include/cmsis_gcc.h ****   \brief   LDRT Unprivileged (16 bit)
 626:Drivers/CMSIS/Include/cmsis_gcc.h ****   \details Executes a Unprivileged LDRT instruction for 16 bit values.
 627:Drivers/CMSIS/Include/cmsis_gcc.h ****   \param [in]    ptr  Pointer to data
 628:Drivers/CMSIS/Include/cmsis_gcc.h ****   \return        value of type uint16_t at (*ptr)
 629:Drivers/CMSIS/Include/cmsis_gcc.h ****  */
 630:Drivers/CMSIS/Include/cmsis_gcc.h **** __STATIC_FORCEINLINE uint16_t __LDRHT(volatile uint16_t *ptr)
 631:Drivers/CMSIS/Include/cmsis_gcc.h **** {
 632:Drivers/CMSIS/Include/cmsis_gcc.h ****     uint32_t result;
 633:Drivers/CMSIS/Include/cmsis_gcc.h **** 
 634:Drivers/CMSIS/Include/cmsis_gcc.h **** #if (__GNUC__ > 4) || (__GNUC__ == 4 && __GNUC_MINOR__ >= 8)
 635:Drivers/CMSIS/Include/cmsis_gcc.h ****    __ASM volatile ("ldrht %0, %1" : "=r" (result) : "Q" (*ptr) );
 636:Drivers/CMSIS/Include/cmsis_gcc.h **** #else
 637:Drivers/CMSIS/Include/cmsis_gcc.h ****     /* Prior to GCC 4.8, "Q" will be expanded to [rx, #0] which is not
 638:Drivers/CMSIS/Include/cmsis_gcc.h ****        accepted by assembler. So has to use following less efficient pattern.
 639:Drivers/CMSIS/Include/cmsis_gcc.h ****     */
 640:Drivers/CMSIS/Include/cmsis_gcc.h ****    __ASM volatile ("ldrht %0, [%1]" : "=r" (result) : "r" (ptr) : "memory" );
 641:Drivers/CMSIS/Include/cmsis_gcc.h **** #endif
 642:Drivers/CMSIS/Include/cmsis_gcc.h ****    return ((uint16_t) result);    /* Add explicit type cast here */
ARM GAS  C:\Users\gabri\AppData\Local\Temp\cc2CDetW.s 			page 25


 643:Drivers/CMSIS/Include/cmsis_gcc.h **** }
 644:Drivers/CMSIS/Include/cmsis_gcc.h **** 
 645:Drivers/CMSIS/Include/cmsis_gcc.h **** 
 646:Drivers/CMSIS/Include/cmsis_gcc.h **** /**
 647:Drivers/CMSIS/Include/cmsis_gcc.h ****   \brief   LDRT Unprivileged (32 bit)
 648:Drivers/CMSIS/Include/cmsis_gcc.h ****   \details Executes a Unprivileged LDRT instruction for 32 bit values.
 649:Drivers/CMSIS/Include/cmsis_gcc.h ****   \param [in]    ptr  Pointer to data
 650:Drivers/CMSIS/Include/cmsis_gcc.h ****   \return        value of type uint32_t at (*ptr)
 651:Drivers/CMSIS/Include/cmsis_gcc.h ****  */
 652:Drivers/CMSIS/Include/cmsis_gcc.h **** __STATIC_FORCEINLINE uint32_t __LDRT(volatile uint32_t *ptr)
 653:Drivers/CMSIS/Include/cmsis_gcc.h **** {
 654:Drivers/CMSIS/Include/cmsis_gcc.h ****     uint32_t result;
 655:Drivers/CMSIS/Include/cmsis_gcc.h **** 
 656:Drivers/CMSIS/Include/cmsis_gcc.h ****    __ASM volatile ("ldrt %0, %1" : "=r" (result) : "Q" (*ptr) );
 657:Drivers/CMSIS/Include/cmsis_gcc.h ****    return(result);
 658:Drivers/CMSIS/Include/cmsis_gcc.h **** }
 659:Drivers/CMSIS/Include/cmsis_gcc.h **** 
 660:Drivers/CMSIS/Include/cmsis_gcc.h **** 
 661:Drivers/CMSIS/Include/cmsis_gcc.h **** /**
 662:Drivers/CMSIS/Include/cmsis_gcc.h ****   \brief   STRT Unprivileged (8 bit)
 663:Drivers/CMSIS/Include/cmsis_gcc.h ****   \details Executes a Unprivileged STRT instruction for 8 bit values.
 664:Drivers/CMSIS/Include/cmsis_gcc.h ****   \param [in]  value  Value to store
 665:Drivers/CMSIS/Include/cmsis_gcc.h ****   \param [in]    ptr  Pointer to location
 666:Drivers/CMSIS/Include/cmsis_gcc.h ****  */
 667:Drivers/CMSIS/Include/cmsis_gcc.h **** __STATIC_FORCEINLINE void __STRBT(uint8_t value, volatile uint8_t *ptr)
 668:Drivers/CMSIS/Include/cmsis_gcc.h **** {
 669:Drivers/CMSIS/Include/cmsis_gcc.h ****    __ASM volatile ("strbt %1, %0" : "=Q" (*ptr) : "r" ((uint32_t)value) );
 670:Drivers/CMSIS/Include/cmsis_gcc.h **** }
 671:Drivers/CMSIS/Include/cmsis_gcc.h **** 
 672:Drivers/CMSIS/Include/cmsis_gcc.h **** 
 673:Drivers/CMSIS/Include/cmsis_gcc.h **** /**
 674:Drivers/CMSIS/Include/cmsis_gcc.h ****   \brief   STRT Unprivileged (16 bit)
 675:Drivers/CMSIS/Include/cmsis_gcc.h ****   \details Executes a Unprivileged STRT instruction for 16 bit values.
 676:Drivers/CMSIS/Include/cmsis_gcc.h ****   \param [in]  value  Value to store
 677:Drivers/CMSIS/Include/cmsis_gcc.h ****   \param [in]    ptr  Pointer to location
 678:Drivers/CMSIS/Include/cmsis_gcc.h ****  */
 679:Drivers/CMSIS/Include/cmsis_gcc.h **** __STATIC_FORCEINLINE void __STRHT(uint16_t value, volatile uint16_t *ptr)
 680:Drivers/CMSIS/Include/cmsis_gcc.h **** {
 681:Drivers/CMSIS/Include/cmsis_gcc.h ****    __ASM volatile ("strht %1, %0" : "=Q" (*ptr) : "r" ((uint32_t)value) );
 682:Drivers/CMSIS/Include/cmsis_gcc.h **** }
 683:Drivers/CMSIS/Include/cmsis_gcc.h **** 
 684:Drivers/CMSIS/Include/cmsis_gcc.h **** 
 685:Drivers/CMSIS/Include/cmsis_gcc.h **** /**
 686:Drivers/CMSIS/Include/cmsis_gcc.h ****   \brief   STRT Unprivileged (32 bit)
 687:Drivers/CMSIS/Include/cmsis_gcc.h ****   \details Executes a Unprivileged STRT instruction for 32 bit values.
 688:Drivers/CMSIS/Include/cmsis_gcc.h ****   \param [in]  value  Value to store
 689:Drivers/CMSIS/Include/cmsis_gcc.h ****   \param [in]    ptr  Pointer to location
 690:Drivers/CMSIS/Include/cmsis_gcc.h ****  */
 691:Drivers/CMSIS/Include/cmsis_gcc.h **** __STATIC_FORCEINLINE void __STRT(uint32_t value, volatile uint32_t *ptr)
 692:Drivers/CMSIS/Include/cmsis_gcc.h **** {
 693:Drivers/CMSIS/Include/cmsis_gcc.h ****    __ASM volatile ("strt %1, %0" : "=Q" (*ptr) : "r" (value) );
 694:Drivers/CMSIS/Include/cmsis_gcc.h **** }
 695:Drivers/CMSIS/Include/cmsis_gcc.h **** 
 696:Drivers/CMSIS/Include/cmsis_gcc.h **** #else  /* ((defined (__ARM_ARCH_7M__      ) && (__ARM_ARCH_7M__      == 1)) || \
 697:Drivers/CMSIS/Include/cmsis_gcc.h ****            (defined (__ARM_ARCH_7EM__     ) && (__ARM_ARCH_7EM__     == 1)) || \
 698:Drivers/CMSIS/Include/cmsis_gcc.h ****            (defined (__ARM_ARCH_8M_MAIN__ ) && (__ARM_ARCH_8M_MAIN__ == 1))    ) */
 699:Drivers/CMSIS/Include/cmsis_gcc.h **** 
ARM GAS  C:\Users\gabri\AppData\Local\Temp\cc2CDetW.s 			page 26


 700:Drivers/CMSIS/Include/cmsis_gcc.h **** /**
 701:Drivers/CMSIS/Include/cmsis_gcc.h ****   \brief   Signed Saturate
 702:Drivers/CMSIS/Include/cmsis_gcc.h ****   \details Saturates a signed value.
 703:Drivers/CMSIS/Include/cmsis_gcc.h ****   \param [in]  value  Value to be saturated
 704:Drivers/CMSIS/Include/cmsis_gcc.h ****   \param [in]    sat  Bit position to saturate to (1..32)
 705:Drivers/CMSIS/Include/cmsis_gcc.h ****   \return             Saturated value
 706:Drivers/CMSIS/Include/cmsis_gcc.h ****  */
 707:Drivers/CMSIS/Include/cmsis_gcc.h **** __STATIC_FORCEINLINE int32_t __SSAT(int32_t val, uint32_t sat)
 708:Drivers/CMSIS/Include/cmsis_gcc.h **** {
 709:Drivers/CMSIS/Include/cmsis_gcc.h ****   if ((sat >= 1U) && (sat <= 32U))
 710:Drivers/CMSIS/Include/cmsis_gcc.h ****   {
 711:Drivers/CMSIS/Include/cmsis_gcc.h ****     const int32_t max = (int32_t)((1U << (sat - 1U)) - 1U);
 712:Drivers/CMSIS/Include/cmsis_gcc.h ****     const int32_t min = -1 - max ;
 713:Drivers/CMSIS/Include/cmsis_gcc.h ****     if (val > max)
 714:Drivers/CMSIS/Include/cmsis_gcc.h ****     {
 715:Drivers/CMSIS/Include/cmsis_gcc.h ****       return max;
 716:Drivers/CMSIS/Include/cmsis_gcc.h ****     }
 717:Drivers/CMSIS/Include/cmsis_gcc.h ****     else if (val < min)
 718:Drivers/CMSIS/Include/cmsis_gcc.h ****     {
 719:Drivers/CMSIS/Include/cmsis_gcc.h ****       return min;
 720:Drivers/CMSIS/Include/cmsis_gcc.h ****     }
 721:Drivers/CMSIS/Include/cmsis_gcc.h ****   }
 722:Drivers/CMSIS/Include/cmsis_gcc.h ****   return val;
 723:Drivers/CMSIS/Include/cmsis_gcc.h **** }
 724:Drivers/CMSIS/Include/cmsis_gcc.h **** 
 725:Drivers/CMSIS/Include/cmsis_gcc.h **** /**
 726:Drivers/CMSIS/Include/cmsis_gcc.h ****   \brief   Unsigned Saturate
 727:Drivers/CMSIS/Include/cmsis_gcc.h ****   \details Saturates an unsigned value.
 728:Drivers/CMSIS/Include/cmsis_gcc.h ****   \param [in]  value  Value to be saturated
 729:Drivers/CMSIS/Include/cmsis_gcc.h ****   \param [in]    sat  Bit position to saturate to (0..31)
 730:Drivers/CMSIS/Include/cmsis_gcc.h ****   \return             Saturated value
 731:Drivers/CMSIS/Include/cmsis_gcc.h ****  */
 732:Drivers/CMSIS/Include/cmsis_gcc.h **** __STATIC_FORCEINLINE uint32_t __USAT(int32_t val, uint32_t sat)
 733:Drivers/CMSIS/Include/cmsis_gcc.h **** {
 734:Drivers/CMSIS/Include/cmsis_gcc.h ****   if (sat <= 31U)
 735:Drivers/CMSIS/Include/cmsis_gcc.h ****   {
 736:Drivers/CMSIS/Include/cmsis_gcc.h ****     const uint32_t max = ((1U << sat) - 1U);
 737:Drivers/CMSIS/Include/cmsis_gcc.h ****     if (val > (int32_t)max)
 738:Drivers/CMSIS/Include/cmsis_gcc.h ****     {
 739:Drivers/CMSIS/Include/cmsis_gcc.h ****       return max;
 740:Drivers/CMSIS/Include/cmsis_gcc.h ****     }
 741:Drivers/CMSIS/Include/cmsis_gcc.h ****     else if (val < 0)
 742:Drivers/CMSIS/Include/cmsis_gcc.h ****     {
 743:Drivers/CMSIS/Include/cmsis_gcc.h ****       return 0U;
 744:Drivers/CMSIS/Include/cmsis_gcc.h ****     }
 745:Drivers/CMSIS/Include/cmsis_gcc.h ****   }
 746:Drivers/CMSIS/Include/cmsis_gcc.h ****   return (uint32_t)val;
 747:Drivers/CMSIS/Include/cmsis_gcc.h **** }
 748:Drivers/CMSIS/Include/cmsis_gcc.h **** 
 749:Drivers/CMSIS/Include/cmsis_gcc.h **** #endif /* ((defined (__ARM_ARCH_7M__      ) && (__ARM_ARCH_7M__      == 1)) || \
 750:Drivers/CMSIS/Include/cmsis_gcc.h ****            (defined (__ARM_ARCH_7EM__     ) && (__ARM_ARCH_7EM__     == 1)) || \
 751:Drivers/CMSIS/Include/cmsis_gcc.h ****            (defined (__ARM_ARCH_8M_MAIN__ ) && (__ARM_ARCH_8M_MAIN__ == 1))    ) */
 752:Drivers/CMSIS/Include/cmsis_gcc.h **** 
 753:Drivers/CMSIS/Include/cmsis_gcc.h **** 
 754:Drivers/CMSIS/Include/cmsis_gcc.h **** #if ((defined (__ARM_ARCH_8M_MAIN__ ) && (__ARM_ARCH_8M_MAIN__ == 1)) || \
 755:Drivers/CMSIS/Include/cmsis_gcc.h ****      (defined (__ARM_ARCH_8M_BASE__ ) && (__ARM_ARCH_8M_BASE__ == 1))    )
 756:Drivers/CMSIS/Include/cmsis_gcc.h **** /**
ARM GAS  C:\Users\gabri\AppData\Local\Temp\cc2CDetW.s 			page 27


 757:Drivers/CMSIS/Include/cmsis_gcc.h ****   \brief   Load-Acquire (8 bit)
 758:Drivers/CMSIS/Include/cmsis_gcc.h ****   \details Executes a LDAB instruction for 8 bit value.
 759:Drivers/CMSIS/Include/cmsis_gcc.h ****   \param [in]    ptr  Pointer to data
 760:Drivers/CMSIS/Include/cmsis_gcc.h ****   \return             value of type uint8_t at (*ptr)
 761:Drivers/CMSIS/Include/cmsis_gcc.h ****  */
 762:Drivers/CMSIS/Include/cmsis_gcc.h **** __STATIC_FORCEINLINE uint8_t __LDAB(volatile uint8_t *ptr)
 763:Drivers/CMSIS/Include/cmsis_gcc.h **** {
 764:Drivers/CMSIS/Include/cmsis_gcc.h ****     uint32_t result;
 765:Drivers/CMSIS/Include/cmsis_gcc.h **** 
 766:Drivers/CMSIS/Include/cmsis_gcc.h ****    __ASM volatile ("ldab %0, %1" : "=r" (result) : "Q" (*ptr) : "memory" );
 767:Drivers/CMSIS/Include/cmsis_gcc.h ****    return ((uint8_t) result);
 768:Drivers/CMSIS/Include/cmsis_gcc.h **** }
 769:Drivers/CMSIS/Include/cmsis_gcc.h **** 
 770:Drivers/CMSIS/Include/cmsis_gcc.h **** 
 771:Drivers/CMSIS/Include/cmsis_gcc.h **** /**
 772:Drivers/CMSIS/Include/cmsis_gcc.h ****   \brief   Load-Acquire (16 bit)
 773:Drivers/CMSIS/Include/cmsis_gcc.h ****   \details Executes a LDAH instruction for 16 bit values.
 774:Drivers/CMSIS/Include/cmsis_gcc.h ****   \param [in]    ptr  Pointer to data
 775:Drivers/CMSIS/Include/cmsis_gcc.h ****   \return        value of type uint16_t at (*ptr)
 776:Drivers/CMSIS/Include/cmsis_gcc.h ****  */
 777:Drivers/CMSIS/Include/cmsis_gcc.h **** __STATIC_FORCEINLINE uint16_t __LDAH(volatile uint16_t *ptr)
 778:Drivers/CMSIS/Include/cmsis_gcc.h **** {
 779:Drivers/CMSIS/Include/cmsis_gcc.h ****     uint32_t result;
 780:Drivers/CMSIS/Include/cmsis_gcc.h **** 
 781:Drivers/CMSIS/Include/cmsis_gcc.h ****    __ASM volatile ("ldah %0, %1" : "=r" (result) : "Q" (*ptr) : "memory" );
 782:Drivers/CMSIS/Include/cmsis_gcc.h ****    return ((uint16_t) result);
 783:Drivers/CMSIS/Include/cmsis_gcc.h **** }
 784:Drivers/CMSIS/Include/cmsis_gcc.h **** 
 785:Drivers/CMSIS/Include/cmsis_gcc.h **** 
 786:Drivers/CMSIS/Include/cmsis_gcc.h **** /**
 787:Drivers/CMSIS/Include/cmsis_gcc.h ****   \brief   Load-Acquire (32 bit)
 788:Drivers/CMSIS/Include/cmsis_gcc.h ****   \details Executes a LDA instruction for 32 bit values.
 789:Drivers/CMSIS/Include/cmsis_gcc.h ****   \param [in]    ptr  Pointer to data
 790:Drivers/CMSIS/Include/cmsis_gcc.h ****   \return        value of type uint32_t at (*ptr)
 791:Drivers/CMSIS/Include/cmsis_gcc.h ****  */
 792:Drivers/CMSIS/Include/cmsis_gcc.h **** __STATIC_FORCEINLINE uint32_t __LDA(volatile uint32_t *ptr)
 793:Drivers/CMSIS/Include/cmsis_gcc.h **** {
 794:Drivers/CMSIS/Include/cmsis_gcc.h ****     uint32_t result;
 795:Drivers/CMSIS/Include/cmsis_gcc.h **** 
 796:Drivers/CMSIS/Include/cmsis_gcc.h ****    __ASM volatile ("lda %0, %1" : "=r" (result) : "Q" (*ptr) : "memory" );
 797:Drivers/CMSIS/Include/cmsis_gcc.h ****    return(result);
 798:Drivers/CMSIS/Include/cmsis_gcc.h **** }
 799:Drivers/CMSIS/Include/cmsis_gcc.h **** 
 800:Drivers/CMSIS/Include/cmsis_gcc.h **** 
 801:Drivers/CMSIS/Include/cmsis_gcc.h **** /**
 802:Drivers/CMSIS/Include/cmsis_gcc.h ****   \brief   Store-Release (8 bit)
 803:Drivers/CMSIS/Include/cmsis_gcc.h ****   \details Executes a STLB instruction for 8 bit values.
 804:Drivers/CMSIS/Include/cmsis_gcc.h ****   \param [in]  value  Value to store
 805:Drivers/CMSIS/Include/cmsis_gcc.h ****   \param [in]    ptr  Pointer to location
 806:Drivers/CMSIS/Include/cmsis_gcc.h ****  */
 807:Drivers/CMSIS/Include/cmsis_gcc.h **** __STATIC_FORCEINLINE void __STLB(uint8_t value, volatile uint8_t *ptr)
 808:Drivers/CMSIS/Include/cmsis_gcc.h **** {
 809:Drivers/CMSIS/Include/cmsis_gcc.h ****    __ASM volatile ("stlb %1, %0" : "=Q" (*ptr) : "r" ((uint32_t)value) : "memory" );
 810:Drivers/CMSIS/Include/cmsis_gcc.h **** }
 811:Drivers/CMSIS/Include/cmsis_gcc.h **** 
 812:Drivers/CMSIS/Include/cmsis_gcc.h **** 
 813:Drivers/CMSIS/Include/cmsis_gcc.h **** /**
ARM GAS  C:\Users\gabri\AppData\Local\Temp\cc2CDetW.s 			page 28


 814:Drivers/CMSIS/Include/cmsis_gcc.h ****   \brief   Store-Release (16 bit)
 815:Drivers/CMSIS/Include/cmsis_gcc.h ****   \details Executes a STLH instruction for 16 bit values.
 816:Drivers/CMSIS/Include/cmsis_gcc.h ****   \param [in]  value  Value to store
 817:Drivers/CMSIS/Include/cmsis_gcc.h ****   \param [in]    ptr  Pointer to location
 818:Drivers/CMSIS/Include/cmsis_gcc.h ****  */
 819:Drivers/CMSIS/Include/cmsis_gcc.h **** __STATIC_FORCEINLINE void __STLH(uint16_t value, volatile uint16_t *ptr)
 820:Drivers/CMSIS/Include/cmsis_gcc.h **** {
 821:Drivers/CMSIS/Include/cmsis_gcc.h ****    __ASM volatile ("stlh %1, %0" : "=Q" (*ptr) : "r" ((uint32_t)value) : "memory" );
 822:Drivers/CMSIS/Include/cmsis_gcc.h **** }
 823:Drivers/CMSIS/Include/cmsis_gcc.h **** 
 824:Drivers/CMSIS/Include/cmsis_gcc.h **** 
 825:Drivers/CMSIS/Include/cmsis_gcc.h **** /**
 826:Drivers/CMSIS/Include/cmsis_gcc.h ****   \brief   Store-Release (32 bit)
 827:Drivers/CMSIS/Include/cmsis_gcc.h ****   \details Executes a STL instruction for 32 bit values.
 828:Drivers/CMSIS/Include/cmsis_gcc.h ****   \param [in]  value  Value to store
 829:Drivers/CMSIS/Include/cmsis_gcc.h ****   \param [in]    ptr  Pointer to location
 830:Drivers/CMSIS/Include/cmsis_gcc.h ****  */
 831:Drivers/CMSIS/Include/cmsis_gcc.h **** __STATIC_FORCEINLINE void __STL(uint32_t value, volatile uint32_t *ptr)
 832:Drivers/CMSIS/Include/cmsis_gcc.h **** {
 833:Drivers/CMSIS/Include/cmsis_gcc.h ****    __ASM volatile ("stl %1, %0" : "=Q" (*ptr) : "r" ((uint32_t)value) : "memory" );
 834:Drivers/CMSIS/Include/cmsis_gcc.h **** }
 835:Drivers/CMSIS/Include/cmsis_gcc.h **** 
 836:Drivers/CMSIS/Include/cmsis_gcc.h **** 
 837:Drivers/CMSIS/Include/cmsis_gcc.h **** /**
 838:Drivers/CMSIS/Include/cmsis_gcc.h ****   \brief   Load-Acquire Exclusive (8 bit)
 839:Drivers/CMSIS/Include/cmsis_gcc.h ****   \details Executes a LDAB exclusive instruction for 8 bit value.
 840:Drivers/CMSIS/Include/cmsis_gcc.h ****   \param [in]    ptr  Pointer to data
 841:Drivers/CMSIS/Include/cmsis_gcc.h ****   \return             value of type uint8_t at (*ptr)
 842:Drivers/CMSIS/Include/cmsis_gcc.h ****  */
 843:Drivers/CMSIS/Include/cmsis_gcc.h **** __STATIC_FORCEINLINE uint8_t __LDAEXB(volatile uint8_t *ptr)
 844:Drivers/CMSIS/Include/cmsis_gcc.h **** {
 845:Drivers/CMSIS/Include/cmsis_gcc.h ****     uint32_t result;
 846:Drivers/CMSIS/Include/cmsis_gcc.h **** 
 847:Drivers/CMSIS/Include/cmsis_gcc.h ****    __ASM volatile ("ldaexb %0, %1" : "=r" (result) : "Q" (*ptr) : "memory" );
 848:Drivers/CMSIS/Include/cmsis_gcc.h ****    return ((uint8_t) result);
 849:Drivers/CMSIS/Include/cmsis_gcc.h **** }
 850:Drivers/CMSIS/Include/cmsis_gcc.h **** 
 851:Drivers/CMSIS/Include/cmsis_gcc.h **** 
 852:Drivers/CMSIS/Include/cmsis_gcc.h **** /**
 853:Drivers/CMSIS/Include/cmsis_gcc.h ****   \brief   Load-Acquire Exclusive (16 bit)
 854:Drivers/CMSIS/Include/cmsis_gcc.h ****   \details Executes a LDAH exclusive instruction for 16 bit values.
 855:Drivers/CMSIS/Include/cmsis_gcc.h ****   \param [in]    ptr  Pointer to data
 856:Drivers/CMSIS/Include/cmsis_gcc.h ****   \return        value of type uint16_t at (*ptr)
 857:Drivers/CMSIS/Include/cmsis_gcc.h ****  */
 858:Drivers/CMSIS/Include/cmsis_gcc.h **** __STATIC_FORCEINLINE uint16_t __LDAEXH(volatile uint16_t *ptr)
 859:Drivers/CMSIS/Include/cmsis_gcc.h **** {
 860:Drivers/CMSIS/Include/cmsis_gcc.h ****     uint32_t result;
 861:Drivers/CMSIS/Include/cmsis_gcc.h **** 
 862:Drivers/CMSIS/Include/cmsis_gcc.h ****    __ASM volatile ("ldaexh %0, %1" : "=r" (result) : "Q" (*ptr) : "memory" );
 863:Drivers/CMSIS/Include/cmsis_gcc.h ****    return ((uint16_t) result);
 864:Drivers/CMSIS/Include/cmsis_gcc.h **** }
 865:Drivers/CMSIS/Include/cmsis_gcc.h **** 
 866:Drivers/CMSIS/Include/cmsis_gcc.h **** 
 867:Drivers/CMSIS/Include/cmsis_gcc.h **** /**
 868:Drivers/CMSIS/Include/cmsis_gcc.h ****   \brief   Load-Acquire Exclusive (32 bit)
 869:Drivers/CMSIS/Include/cmsis_gcc.h ****   \details Executes a LDA exclusive instruction for 32 bit values.
 870:Drivers/CMSIS/Include/cmsis_gcc.h ****   \param [in]    ptr  Pointer to data
ARM GAS  C:\Users\gabri\AppData\Local\Temp\cc2CDetW.s 			page 29


 871:Drivers/CMSIS/Include/cmsis_gcc.h ****   \return        value of type uint32_t at (*ptr)
 872:Drivers/CMSIS/Include/cmsis_gcc.h ****  */
 873:Drivers/CMSIS/Include/cmsis_gcc.h **** __STATIC_FORCEINLINE uint32_t __LDAEX(volatile uint32_t *ptr)
 874:Drivers/CMSIS/Include/cmsis_gcc.h **** {
 875:Drivers/CMSIS/Include/cmsis_gcc.h ****     uint32_t result;
 876:Drivers/CMSIS/Include/cmsis_gcc.h **** 
 877:Drivers/CMSIS/Include/cmsis_gcc.h ****    __ASM volatile ("ldaex %0, %1" : "=r" (result) : "Q" (*ptr) : "memory" );
 878:Drivers/CMSIS/Include/cmsis_gcc.h ****    return(result);
 879:Drivers/CMSIS/Include/cmsis_gcc.h **** }
 880:Drivers/CMSIS/Include/cmsis_gcc.h **** 
 881:Drivers/CMSIS/Include/cmsis_gcc.h **** 
 882:Drivers/CMSIS/Include/cmsis_gcc.h **** /**
 883:Drivers/CMSIS/Include/cmsis_gcc.h ****   \brief   Store-Release Exclusive (8 bit)
 884:Drivers/CMSIS/Include/cmsis_gcc.h ****   \details Executes a STLB exclusive instruction for 8 bit values.
 885:Drivers/CMSIS/Include/cmsis_gcc.h ****   \param [in]  value  Value to store
 886:Drivers/CMSIS/Include/cmsis_gcc.h ****   \param [in]    ptr  Pointer to location
 887:Drivers/CMSIS/Include/cmsis_gcc.h ****   \return          0  Function succeeded
 888:Drivers/CMSIS/Include/cmsis_gcc.h ****   \return          1  Function failed
 889:Drivers/CMSIS/Include/cmsis_gcc.h ****  */
 890:Drivers/CMSIS/Include/cmsis_gcc.h **** __STATIC_FORCEINLINE uint32_t __STLEXB(uint8_t value, volatile uint8_t *ptr)
 891:Drivers/CMSIS/Include/cmsis_gcc.h **** {
 892:Drivers/CMSIS/Include/cmsis_gcc.h ****    uint32_t result;
 893:Drivers/CMSIS/Include/cmsis_gcc.h **** 
 894:Drivers/CMSIS/Include/cmsis_gcc.h ****    __ASM volatile ("stlexb %0, %2, %1" : "=&r" (result), "=Q" (*ptr) : "r" ((uint32_t)value) : "mem
 895:Drivers/CMSIS/Include/cmsis_gcc.h ****    return(result);
 896:Drivers/CMSIS/Include/cmsis_gcc.h **** }
 897:Drivers/CMSIS/Include/cmsis_gcc.h **** 
 898:Drivers/CMSIS/Include/cmsis_gcc.h **** 
 899:Drivers/CMSIS/Include/cmsis_gcc.h **** /**
 900:Drivers/CMSIS/Include/cmsis_gcc.h ****   \brief   Store-Release Exclusive (16 bit)
 901:Drivers/CMSIS/Include/cmsis_gcc.h ****   \details Executes a STLH exclusive instruction for 16 bit values.
 902:Drivers/CMSIS/Include/cmsis_gcc.h ****   \param [in]  value  Value to store
 903:Drivers/CMSIS/Include/cmsis_gcc.h ****   \param [in]    ptr  Pointer to location
 904:Drivers/CMSIS/Include/cmsis_gcc.h ****   \return          0  Function succeeded
 905:Drivers/CMSIS/Include/cmsis_gcc.h ****   \return          1  Function failed
 906:Drivers/CMSIS/Include/cmsis_gcc.h ****  */
 907:Drivers/CMSIS/Include/cmsis_gcc.h **** __STATIC_FORCEINLINE uint32_t __STLEXH(uint16_t value, volatile uint16_t *ptr)
 908:Drivers/CMSIS/Include/cmsis_gcc.h **** {
 909:Drivers/CMSIS/Include/cmsis_gcc.h ****    uint32_t result;
 910:Drivers/CMSIS/Include/cmsis_gcc.h **** 
 911:Drivers/CMSIS/Include/cmsis_gcc.h ****    __ASM volatile ("stlexh %0, %2, %1" : "=&r" (result), "=Q" (*ptr) : "r" ((uint32_t)value) : "mem
 912:Drivers/CMSIS/Include/cmsis_gcc.h ****    return(result);
 913:Drivers/CMSIS/Include/cmsis_gcc.h **** }
 914:Drivers/CMSIS/Include/cmsis_gcc.h **** 
 915:Drivers/CMSIS/Include/cmsis_gcc.h **** 
 916:Drivers/CMSIS/Include/cmsis_gcc.h **** /**
 917:Drivers/CMSIS/Include/cmsis_gcc.h ****   \brief   Store-Release Exclusive (32 bit)
 918:Drivers/CMSIS/Include/cmsis_gcc.h ****   \details Executes a STL exclusive instruction for 32 bit values.
 919:Drivers/CMSIS/Include/cmsis_gcc.h ****   \param [in]  value  Value to store
 920:Drivers/CMSIS/Include/cmsis_gcc.h ****   \param [in]    ptr  Pointer to location
 921:Drivers/CMSIS/Include/cmsis_gcc.h ****   \return          0  Function succeeded
 922:Drivers/CMSIS/Include/cmsis_gcc.h ****   \return          1  Function failed
 923:Drivers/CMSIS/Include/cmsis_gcc.h ****  */
 924:Drivers/CMSIS/Include/cmsis_gcc.h **** __STATIC_FORCEINLINE uint32_t __STLEX(uint32_t value, volatile uint32_t *ptr)
 925:Drivers/CMSIS/Include/cmsis_gcc.h **** {
 926:Drivers/CMSIS/Include/cmsis_gcc.h ****    uint32_t result;
 927:Drivers/CMSIS/Include/cmsis_gcc.h **** 
ARM GAS  C:\Users\gabri\AppData\Local\Temp\cc2CDetW.s 			page 30


 928:Drivers/CMSIS/Include/cmsis_gcc.h ****    __ASM volatile ("stlex %0, %2, %1" : "=&r" (result), "=Q" (*ptr) : "r" ((uint32_t)value) : "memo
 929:Drivers/CMSIS/Include/cmsis_gcc.h ****    return(result);
 930:Drivers/CMSIS/Include/cmsis_gcc.h **** }
 931:Drivers/CMSIS/Include/cmsis_gcc.h **** 
 932:Drivers/CMSIS/Include/cmsis_gcc.h **** #endif /* ((defined (__ARM_ARCH_8M_MAIN__ ) && (__ARM_ARCH_8M_MAIN__ == 1)) || \
 933:Drivers/CMSIS/Include/cmsis_gcc.h ****            (defined (__ARM_ARCH_8M_BASE__ ) && (__ARM_ARCH_8M_BASE__ == 1))    ) */
 934:Drivers/CMSIS/Include/cmsis_gcc.h **** 
 935:Drivers/CMSIS/Include/cmsis_gcc.h **** /*@}*/ /* end of group CMSIS_Core_InstructionInterface */
 936:Drivers/CMSIS/Include/cmsis_gcc.h **** 
 937:Drivers/CMSIS/Include/cmsis_gcc.h **** 
 938:Drivers/CMSIS/Include/cmsis_gcc.h **** /* ###########################  Core Function Access  ########################### */
 939:Drivers/CMSIS/Include/cmsis_gcc.h **** /** \ingroup  CMSIS_Core_FunctionInterface
 940:Drivers/CMSIS/Include/cmsis_gcc.h ****     \defgroup CMSIS_Core_RegAccFunctions CMSIS Core Register Access Functions
 941:Drivers/CMSIS/Include/cmsis_gcc.h ****   @{
 942:Drivers/CMSIS/Include/cmsis_gcc.h ****  */
 943:Drivers/CMSIS/Include/cmsis_gcc.h **** 
 944:Drivers/CMSIS/Include/cmsis_gcc.h **** /**
 945:Drivers/CMSIS/Include/cmsis_gcc.h ****   \brief   Enable IRQ Interrupts
 946:Drivers/CMSIS/Include/cmsis_gcc.h ****   \details Enables IRQ interrupts by clearing special-purpose register PRIMASK.
 947:Drivers/CMSIS/Include/cmsis_gcc.h ****            Can only be executed in Privileged modes.
 948:Drivers/CMSIS/Include/cmsis_gcc.h ****  */
 949:Drivers/CMSIS/Include/cmsis_gcc.h **** __STATIC_FORCEINLINE void __enable_irq(void)
 950:Drivers/CMSIS/Include/cmsis_gcc.h **** {
 951:Drivers/CMSIS/Include/cmsis_gcc.h ****   __ASM volatile ("cpsie i" : : : "memory");
 952:Drivers/CMSIS/Include/cmsis_gcc.h **** }
 953:Drivers/CMSIS/Include/cmsis_gcc.h **** 
 954:Drivers/CMSIS/Include/cmsis_gcc.h **** 
 955:Drivers/CMSIS/Include/cmsis_gcc.h **** /**
 956:Drivers/CMSIS/Include/cmsis_gcc.h ****   \brief   Disable IRQ Interrupts
 957:Drivers/CMSIS/Include/cmsis_gcc.h ****   \details Disables IRQ interrupts by setting special-purpose register PRIMASK.
 958:Drivers/CMSIS/Include/cmsis_gcc.h ****            Can only be executed in Privileged modes.
 959:Drivers/CMSIS/Include/cmsis_gcc.h ****  */
 960:Drivers/CMSIS/Include/cmsis_gcc.h **** __STATIC_FORCEINLINE void __disable_irq(void)
 190              		.loc 2 960 27 view .LVU47
 191              	.LBB9:
 961:Drivers/CMSIS/Include/cmsis_gcc.h **** {
 962:Drivers/CMSIS/Include/cmsis_gcc.h ****   __ASM volatile ("cpsid i" : : : "memory");
 192              		.loc 2 962 3 view .LVU48
 193              		.syntax unified
 194              	@ 962 "Drivers/CMSIS/Include/cmsis_gcc.h" 1
 195 0000 72B6     		cpsid i
 196              	@ 0 "" 2
 197              		.thumb
 198              		.syntax unified
 199              	.L6:
 200              	.LBE9:
 201              	.LBE8:
 541:Core/Src/main.c ****   while (1)
 202              		.loc 1 541 3 discriminator 1 view .LVU49
 542:Core/Src/main.c ****   {
 543:Core/Src/main.c ****   }
 203              		.loc 1 543 3 discriminator 1 view .LVU50
 541:Core/Src/main.c ****   while (1)
 204              		.loc 1 541 9 discriminator 1 view .LVU51
 205 0002 FEE7     		b	.L6
 206              		.cfi_endproc
 207              	.LFE249:
ARM GAS  C:\Users\gabri\AppData\Local\Temp\cc2CDetW.s 			page 31


 209              		.section	.text.MX_USART2_UART_Init,"ax",%progbits
 210              		.align	1
 211              		.syntax unified
 212              		.thumb
 213              		.thumb_func
 215              	MX_USART2_UART_Init:
 216              	.LFB246:
 402:Core/Src/main.c **** 
 217              		.loc 1 402 1 view -0
 218              		.cfi_startproc
 219              		@ args = 0, pretend = 0, frame = 0
 220              		@ frame_needed = 0, uses_anonymous_args = 0
 221 0000 08B5     		push	{r3, lr}
 222              	.LCFI3:
 223              		.cfi_def_cfa_offset 8
 224              		.cfi_offset 3, -8
 225              		.cfi_offset 14, -4
 411:Core/Src/main.c ****   huart2.Init.BaudRate = 115200;
 226              		.loc 1 411 3 view .LVU53
 411:Core/Src/main.c ****   huart2.Init.BaudRate = 115200;
 227              		.loc 1 411 19 is_stmt 0 view .LVU54
 228 0002 0A48     		ldr	r0, .L11
 229 0004 0A4B     		ldr	r3, .L11+4
 230 0006 0360     		str	r3, [r0]
 412:Core/Src/main.c ****   huart2.Init.WordLength = UART_WORDLENGTH_8B;
 231              		.loc 1 412 3 is_stmt 1 view .LVU55
 412:Core/Src/main.c ****   huart2.Init.WordLength = UART_WORDLENGTH_8B;
 232              		.loc 1 412 24 is_stmt 0 view .LVU56
 233 0008 4FF4E133 		mov	r3, #115200
 234 000c 4360     		str	r3, [r0, #4]
 413:Core/Src/main.c ****   huart2.Init.StopBits = UART_STOPBITS_1;
 235              		.loc 1 413 3 is_stmt 1 view .LVU57
 413:Core/Src/main.c ****   huart2.Init.StopBits = UART_STOPBITS_1;
 236              		.loc 1 413 26 is_stmt 0 view .LVU58
 237 000e 0023     		movs	r3, #0
 238 0010 8360     		str	r3, [r0, #8]
 414:Core/Src/main.c ****   huart2.Init.Parity = UART_PARITY_NONE;
 239              		.loc 1 414 3 is_stmt 1 view .LVU59
 414:Core/Src/main.c ****   huart2.Init.Parity = UART_PARITY_NONE;
 240              		.loc 1 414 24 is_stmt 0 view .LVU60
 241 0012 C360     		str	r3, [r0, #12]
 415:Core/Src/main.c ****   huart2.Init.Mode = UART_MODE_TX_RX;
 242              		.loc 1 415 3 is_stmt 1 view .LVU61
 415:Core/Src/main.c ****   huart2.Init.Mode = UART_MODE_TX_RX;
 243              		.loc 1 415 22 is_stmt 0 view .LVU62
 244 0014 0361     		str	r3, [r0, #16]
 416:Core/Src/main.c ****   huart2.Init.HwFlowCtl = UART_HWCONTROL_NONE;
 245              		.loc 1 416 3 is_stmt 1 view .LVU63
 416:Core/Src/main.c ****   huart2.Init.HwFlowCtl = UART_HWCONTROL_NONE;
 246              		.loc 1 416 20 is_stmt 0 view .LVU64
 247 0016 0C22     		movs	r2, #12
 248 0018 4261     		str	r2, [r0, #20]
 417:Core/Src/main.c ****   huart2.Init.OverSampling = UART_OVERSAMPLING_16;
 249              		.loc 1 417 3 is_stmt 1 view .LVU65
 417:Core/Src/main.c ****   huart2.Init.OverSampling = UART_OVERSAMPLING_16;
 250              		.loc 1 417 25 is_stmt 0 view .LVU66
 251 001a 8361     		str	r3, [r0, #24]
ARM GAS  C:\Users\gabri\AppData\Local\Temp\cc2CDetW.s 			page 32


 418:Core/Src/main.c ****   if (HAL_UART_Init(&huart2) != HAL_OK)
 252              		.loc 1 418 3 is_stmt 1 view .LVU67
 418:Core/Src/main.c ****   if (HAL_UART_Init(&huart2) != HAL_OK)
 253              		.loc 1 418 28 is_stmt 0 view .LVU68
 254 001c C361     		str	r3, [r0, #28]
 419:Core/Src/main.c ****   {
 255              		.loc 1 419 3 is_stmt 1 view .LVU69
 419:Core/Src/main.c ****   {
 256              		.loc 1 419 7 is_stmt 0 view .LVU70
 257 001e FFF7FEFF 		bl	HAL_UART_Init
 258              	.LVL3:
 419:Core/Src/main.c ****   {
 259              		.loc 1 419 6 view .LVU71
 260 0022 00B9     		cbnz	r0, .L10
 427:Core/Src/main.c **** 
 261              		.loc 1 427 1 view .LVU72
 262 0024 08BD     		pop	{r3, pc}
 263              	.L10:
 421:Core/Src/main.c ****   }
 264              		.loc 1 421 5 is_stmt 1 view .LVU73
 265 0026 FFF7FEFF 		bl	Error_Handler
 266              	.LVL4:
 267              	.L12:
 268 002a 00BF     		.align	2
 269              	.L11:
 270 002c 00000000 		.word	huart2
 271 0030 00440040 		.word	1073759232
 272              		.cfi_endproc
 273              	.LFE246:
 275              		.section	.text.MX_I2C1_Init,"ax",%progbits
 276              		.align	1
 277              		.syntax unified
 278              		.thumb
 279              		.thumb_func
 281              	MX_I2C1_Init:
 282              	.LFB244:
 351:Core/Src/main.c **** 
 283              		.loc 1 351 1 view -0
 284              		.cfi_startproc
 285              		@ args = 0, pretend = 0, frame = 0
 286              		@ frame_needed = 0, uses_anonymous_args = 0
 287 0000 08B5     		push	{r3, lr}
 288              	.LCFI4:
 289              		.cfi_def_cfa_offset 8
 290              		.cfi_offset 3, -8
 291              		.cfi_offset 14, -4
 360:Core/Src/main.c ****   hi2c1.Init.ClockSpeed = 100000;
 292              		.loc 1 360 3 view .LVU75
 360:Core/Src/main.c ****   hi2c1.Init.ClockSpeed = 100000;
 293              		.loc 1 360 18 is_stmt 0 view .LVU76
 294 0002 0A48     		ldr	r0, .L17
 295 0004 0A4B     		ldr	r3, .L17+4
 296 0006 0360     		str	r3, [r0]
 361:Core/Src/main.c ****   hi2c1.Init.DutyCycle = I2C_DUTYCYCLE_2;
 297              		.loc 1 361 3 is_stmt 1 view .LVU77
 361:Core/Src/main.c ****   hi2c1.Init.DutyCycle = I2C_DUTYCYCLE_2;
 298              		.loc 1 361 25 is_stmt 0 view .LVU78
ARM GAS  C:\Users\gabri\AppData\Local\Temp\cc2CDetW.s 			page 33


 299 0008 0A4B     		ldr	r3, .L17+8
 300 000a 4360     		str	r3, [r0, #4]
 362:Core/Src/main.c ****   hi2c1.Init.OwnAddress1 = 0;
 301              		.loc 1 362 3 is_stmt 1 view .LVU79
 362:Core/Src/main.c ****   hi2c1.Init.OwnAddress1 = 0;
 302              		.loc 1 362 24 is_stmt 0 view .LVU80
 303 000c 0023     		movs	r3, #0
 304 000e 8360     		str	r3, [r0, #8]
 363:Core/Src/main.c ****   hi2c1.Init.AddressingMode = I2C_ADDRESSINGMODE_7BIT;
 305              		.loc 1 363 3 is_stmt 1 view .LVU81
 363:Core/Src/main.c ****   hi2c1.Init.AddressingMode = I2C_ADDRESSINGMODE_7BIT;
 306              		.loc 1 363 26 is_stmt 0 view .LVU82
 307 0010 C360     		str	r3, [r0, #12]
 364:Core/Src/main.c ****   hi2c1.Init.DualAddressMode = I2C_DUALADDRESS_DISABLE;
 308              		.loc 1 364 3 is_stmt 1 view .LVU83
 364:Core/Src/main.c ****   hi2c1.Init.DualAddressMode = I2C_DUALADDRESS_DISABLE;
 309              		.loc 1 364 29 is_stmt 0 view .LVU84
 310 0012 4FF48042 		mov	r2, #16384
 311 0016 0261     		str	r2, [r0, #16]
 365:Core/Src/main.c ****   hi2c1.Init.OwnAddress2 = 0;
 312              		.loc 1 365 3 is_stmt 1 view .LVU85
 365:Core/Src/main.c ****   hi2c1.Init.OwnAddress2 = 0;
 313              		.loc 1 365 30 is_stmt 0 view .LVU86
 314 0018 4361     		str	r3, [r0, #20]
 366:Core/Src/main.c ****   hi2c1.Init.GeneralCallMode = I2C_GENERALCALL_DISABLE;
 315              		.loc 1 366 3 is_stmt 1 view .LVU87
 366:Core/Src/main.c ****   hi2c1.Init.GeneralCallMode = I2C_GENERALCALL_DISABLE;
 316              		.loc 1 366 26 is_stmt 0 view .LVU88
 317 001a 8361     		str	r3, [r0, #24]
 367:Core/Src/main.c ****   hi2c1.Init.NoStretchMode = I2C_NOSTRETCH_DISABLE;
 318              		.loc 1 367 3 is_stmt 1 view .LVU89
 367:Core/Src/main.c ****   hi2c1.Init.NoStretchMode = I2C_NOSTRETCH_DISABLE;
 319              		.loc 1 367 30 is_stmt 0 view .LVU90
 320 001c C361     		str	r3, [r0, #28]
 368:Core/Src/main.c ****   if (HAL_I2C_Init(&hi2c1) != HAL_OK)
 321              		.loc 1 368 3 is_stmt 1 view .LVU91
 368:Core/Src/main.c ****   if (HAL_I2C_Init(&hi2c1) != HAL_OK)
 322              		.loc 1 368 28 is_stmt 0 view .LVU92
 323 001e 0362     		str	r3, [r0, #32]
 369:Core/Src/main.c ****   {
 324              		.loc 1 369 3 is_stmt 1 view .LVU93
 369:Core/Src/main.c ****   {
 325              		.loc 1 369 7 is_stmt 0 view .LVU94
 326 0020 FFF7FEFF 		bl	HAL_I2C_Init
 327              	.LVL5:
 369:Core/Src/main.c ****   {
 328              		.loc 1 369 6 view .LVU95
 329 0024 00B9     		cbnz	r0, .L16
 377:Core/Src/main.c **** 
 330              		.loc 1 377 1 view .LVU96
 331 0026 08BD     		pop	{r3, pc}
 332              	.L16:
 371:Core/Src/main.c ****   }
 333              		.loc 1 371 5 is_stmt 1 view .LVU97
 334 0028 FFF7FEFF 		bl	Error_Handler
 335              	.LVL6:
 336              	.L18:
ARM GAS  C:\Users\gabri\AppData\Local\Temp\cc2CDetW.s 			page 34


 337              		.align	2
 338              	.L17:
 339 002c 00000000 		.word	hi2c1
 340 0030 00540040 		.word	1073763328
 341 0034 A0860100 		.word	100000
 342              		.cfi_endproc
 343              	.LFE244:
 345              		.section	.text.MX_I2C2_Init,"ax",%progbits
 346              		.align	1
 347              		.syntax unified
 348              		.thumb
 349              		.thumb_func
 351              	MX_I2C2_Init:
 352              	.LFB245:
 379:Core/Src/main.c **** 
 353              		.loc 1 379 31 view -0
 354              		.cfi_startproc
 355              		@ args = 0, pretend = 0, frame = 0
 356              		@ frame_needed = 0, uses_anonymous_args = 0
 357 0000 08B5     		push	{r3, lr}
 358              	.LCFI5:
 359              		.cfi_def_cfa_offset 8
 360              		.cfi_offset 3, -8
 361              		.cfi_offset 14, -4
 381:Core/Src/main.c ****   hi2c2.Init.ClockSpeed = 100000;
 362              		.loc 1 381 3 view .LVU99
 381:Core/Src/main.c ****   hi2c2.Init.ClockSpeed = 100000;
 363              		.loc 1 381 18 is_stmt 0 view .LVU100
 364 0002 0A48     		ldr	r0, .L23
 365 0004 0A4B     		ldr	r3, .L23+4
 366 0006 0360     		str	r3, [r0]
 382:Core/Src/main.c ****   hi2c2.Init.DutyCycle = I2C_DUTYCYCLE_2;
 367              		.loc 1 382 3 is_stmt 1 view .LVU101
 382:Core/Src/main.c ****   hi2c2.Init.DutyCycle = I2C_DUTYCYCLE_2;
 368              		.loc 1 382 25 is_stmt 0 view .LVU102
 369 0008 0A4B     		ldr	r3, .L23+8
 370 000a 4360     		str	r3, [r0, #4]
 383:Core/Src/main.c ****   hi2c2.Init.OwnAddress1 = 0;
 371              		.loc 1 383 3 is_stmt 1 view .LVU103
 383:Core/Src/main.c ****   hi2c2.Init.OwnAddress1 = 0;
 372              		.loc 1 383 24 is_stmt 0 view .LVU104
 373 000c 0023     		movs	r3, #0
 374 000e 8360     		str	r3, [r0, #8]
 384:Core/Src/main.c ****   hi2c2.Init.AddressingMode = I2C_ADDRESSINGMODE_7BIT;
 375              		.loc 1 384 3 is_stmt 1 view .LVU105
 384:Core/Src/main.c ****   hi2c2.Init.AddressingMode = I2C_ADDRESSINGMODE_7BIT;
 376              		.loc 1 384 26 is_stmt 0 view .LVU106
 377 0010 C360     		str	r3, [r0, #12]
 385:Core/Src/main.c ****   hi2c2.Init.DualAddressMode = I2C_DUALADDRESS_DISABLE;
 378              		.loc 1 385 3 is_stmt 1 view .LVU107
 385:Core/Src/main.c ****   hi2c2.Init.DualAddressMode = I2C_DUALADDRESS_DISABLE;
 379              		.loc 1 385 29 is_stmt 0 view .LVU108
 380 0012 4FF48042 		mov	r2, #16384
 381 0016 0261     		str	r2, [r0, #16]
 386:Core/Src/main.c ****   hi2c2.Init.OwnAddress2 = 0;
 382              		.loc 1 386 3 is_stmt 1 view .LVU109
 386:Core/Src/main.c ****   hi2c2.Init.OwnAddress2 = 0;
ARM GAS  C:\Users\gabri\AppData\Local\Temp\cc2CDetW.s 			page 35


 383              		.loc 1 386 30 is_stmt 0 view .LVU110
 384 0018 4361     		str	r3, [r0, #20]
 387:Core/Src/main.c ****   hi2c2.Init.GeneralCallMode = I2C_GENERALCALL_DISABLE;
 385              		.loc 1 387 3 is_stmt 1 view .LVU111
 387:Core/Src/main.c ****   hi2c2.Init.GeneralCallMode = I2C_GENERALCALL_DISABLE;
 386              		.loc 1 387 26 is_stmt 0 view .LVU112
 387 001a 8361     		str	r3, [r0, #24]
 388:Core/Src/main.c ****   hi2c2.Init.NoStretchMode = I2C_NOSTRETCH_DISABLE;
 388              		.loc 1 388 3 is_stmt 1 view .LVU113
 388:Core/Src/main.c ****   hi2c2.Init.NoStretchMode = I2C_NOSTRETCH_DISABLE;
 389              		.loc 1 388 30 is_stmt 0 view .LVU114
 390 001c C361     		str	r3, [r0, #28]
 389:Core/Src/main.c ****   if(HAL_I2C_Init(&hi2c2) != HAL_OK){
 391              		.loc 1 389 3 is_stmt 1 view .LVU115
 389:Core/Src/main.c ****   if(HAL_I2C_Init(&hi2c2) != HAL_OK){
 392              		.loc 1 389 28 is_stmt 0 view .LVU116
 393 001e 0362     		str	r3, [r0, #32]
 390:Core/Src/main.c ****     Error_Handler();
 394              		.loc 1 390 3 is_stmt 1 view .LVU117
 390:Core/Src/main.c ****     Error_Handler();
 395              		.loc 1 390 6 is_stmt 0 view .LVU118
 396 0020 FFF7FEFF 		bl	HAL_I2C_Init
 397              	.LVL7:
 390:Core/Src/main.c ****     Error_Handler();
 398              		.loc 1 390 5 view .LVU119
 399 0024 00B9     		cbnz	r0, .L22
 394:Core/Src/main.c **** 
 400              		.loc 1 394 1 view .LVU120
 401 0026 08BD     		pop	{r3, pc}
 402              	.L22:
 391:Core/Src/main.c ****   }
 403              		.loc 1 391 5 is_stmt 1 view .LVU121
 404 0028 FFF7FEFF 		bl	Error_Handler
 405              	.LVL8:
 406              	.L24:
 407              		.align	2
 408              	.L23:
 409 002c 00000000 		.word	hi2c2
 410 0030 00580040 		.word	1073764352
 411 0034 A0860100 		.word	100000
 412              		.cfi_endproc
 413              	.LFE245:
 415              		.section	.text.MX_SPI1_Init,"ax",%progbits
 416              		.align	1
 417              		.syntax unified
 418              		.thumb
 419              		.thumb_func
 421              	MX_SPI1_Init:
 422              	.LFB248:
 468:Core/Src/main.c **** 
 423              		.loc 1 468 27 view -0
 424              		.cfi_startproc
 425              		@ args = 0, pretend = 0, frame = 0
 426              		@ frame_needed = 0, uses_anonymous_args = 0
 427 0000 08B5     		push	{r3, lr}
 428              	.LCFI6:
 429              		.cfi_def_cfa_offset 8
ARM GAS  C:\Users\gabri\AppData\Local\Temp\cc2CDetW.s 			page 36


 430              		.cfi_offset 3, -8
 431              		.cfi_offset 14, -4
 470:Core/Src/main.c ****   hspi1.Init.Mode = SPI_MODE_MASTER;
 432              		.loc 1 470 3 view .LVU123
 470:Core/Src/main.c ****   hspi1.Init.Mode = SPI_MODE_MASTER;
 433              		.loc 1 470 18 is_stmt 0 view .LVU124
 434 0002 0D48     		ldr	r0, .L29
 435 0004 0D4B     		ldr	r3, .L29+4
 436 0006 0360     		str	r3, [r0]
 471:Core/Src/main.c ****   hspi1.Init.Direction = SPI_DIRECTION_2LINES;
 437              		.loc 1 471 3 is_stmt 1 view .LVU125
 471:Core/Src/main.c ****   hspi1.Init.Direction = SPI_DIRECTION_2LINES;
 438              		.loc 1 471 19 is_stmt 0 view .LVU126
 439 0008 4FF48273 		mov	r3, #260
 440 000c 4360     		str	r3, [r0, #4]
 472:Core/Src/main.c ****   hspi1.Init.DataSize = SPI_DATASIZE_8BIT;
 441              		.loc 1 472 3 is_stmt 1 view .LVU127
 472:Core/Src/main.c ****   hspi1.Init.DataSize = SPI_DATASIZE_8BIT;
 442              		.loc 1 472 24 is_stmt 0 view .LVU128
 443 000e 0023     		movs	r3, #0
 444 0010 8360     		str	r3, [r0, #8]
 473:Core/Src/main.c ****   hspi1.Init.CLKPolarity = SPI_POLARITY_LOW;
 445              		.loc 1 473 3 is_stmt 1 view .LVU129
 473:Core/Src/main.c ****   hspi1.Init.CLKPolarity = SPI_POLARITY_LOW;
 446              		.loc 1 473 23 is_stmt 0 view .LVU130
 447 0012 C360     		str	r3, [r0, #12]
 474:Core/Src/main.c ****   hspi1.Init.CLKPhase = SPI_PHASE_1EDGE;
 448              		.loc 1 474 3 is_stmt 1 view .LVU131
 474:Core/Src/main.c ****   hspi1.Init.CLKPhase = SPI_PHASE_1EDGE;
 449              		.loc 1 474 26 is_stmt 0 view .LVU132
 450 0014 0361     		str	r3, [r0, #16]
 475:Core/Src/main.c ****   hspi1.Init.NSS = SPI_NSS_SOFT;
 451              		.loc 1 475 3 is_stmt 1 view .LVU133
 475:Core/Src/main.c ****   hspi1.Init.NSS = SPI_NSS_SOFT;
 452              		.loc 1 475 23 is_stmt 0 view .LVU134
 453 0016 4361     		str	r3, [r0, #20]
 476:Core/Src/main.c ****   hspi1.Init.BaudRatePrescaler = SPI_BAUDRATEPRESCALER_8;
 454              		.loc 1 476 3 is_stmt 1 view .LVU135
 476:Core/Src/main.c ****   hspi1.Init.BaudRatePrescaler = SPI_BAUDRATEPRESCALER_8;
 455              		.loc 1 476 18 is_stmt 0 view .LVU136
 456 0018 4FF40072 		mov	r2, #512
 457 001c 8261     		str	r2, [r0, #24]
 477:Core/Src/main.c ****   hspi1.Init.FirstBit = SPI_FIRSTBIT_MSB;
 458              		.loc 1 477 3 is_stmt 1 view .LVU137
 477:Core/Src/main.c ****   hspi1.Init.FirstBit = SPI_FIRSTBIT_MSB;
 459              		.loc 1 477 32 is_stmt 0 view .LVU138
 460 001e 1022     		movs	r2, #16
 461 0020 C261     		str	r2, [r0, #28]
 478:Core/Src/main.c ****   hspi1.Init.TIMode = SPI_TIMODE_DISABLE;
 462              		.loc 1 478 3 is_stmt 1 view .LVU139
 478:Core/Src/main.c ****   hspi1.Init.TIMode = SPI_TIMODE_DISABLE;
 463              		.loc 1 478 23 is_stmt 0 view .LVU140
 464 0022 0362     		str	r3, [r0, #32]
 479:Core/Src/main.c ****   hspi1.Init.CRCCalculation = SPI_CRCCALCULATION_DISABLE;
 465              		.loc 1 479 3 is_stmt 1 view .LVU141
 479:Core/Src/main.c ****   hspi1.Init.CRCCalculation = SPI_CRCCALCULATION_DISABLE;
 466              		.loc 1 479 21 is_stmt 0 view .LVU142
ARM GAS  C:\Users\gabri\AppData\Local\Temp\cc2CDetW.s 			page 37


 467 0024 4362     		str	r3, [r0, #36]
 480:Core/Src/main.c ****   hspi1.Init.CRCPolynomial = 10;
 468              		.loc 1 480 3 is_stmt 1 view .LVU143
 480:Core/Src/main.c ****   hspi1.Init.CRCPolynomial = 10;
 469              		.loc 1 480 29 is_stmt 0 view .LVU144
 470 0026 8362     		str	r3, [r0, #40]
 481:Core/Src/main.c ****   if(HAL_SPI_Init(&hspi1) != HAL_OK)
 471              		.loc 1 481 3 is_stmt 1 view .LVU145
 481:Core/Src/main.c ****   if(HAL_SPI_Init(&hspi1) != HAL_OK)
 472              		.loc 1 481 28 is_stmt 0 view .LVU146
 473 0028 0A23     		movs	r3, #10
 474 002a C362     		str	r3, [r0, #44]
 482:Core/Src/main.c ****     Error_Handler();
 475              		.loc 1 482 3 is_stmt 1 view .LVU147
 482:Core/Src/main.c ****     Error_Handler();
 476              		.loc 1 482 6 is_stmt 0 view .LVU148
 477 002c FFF7FEFF 		bl	HAL_SPI_Init
 478              	.LVL9:
 482:Core/Src/main.c ****     Error_Handler();
 479              		.loc 1 482 5 view .LVU149
 480 0030 00B9     		cbnz	r0, .L28
 484:Core/Src/main.c **** 
 481              		.loc 1 484 1 view .LVU150
 482 0032 08BD     		pop	{r3, pc}
 483              	.L28:
 483:Core/Src/main.c **** }
 484              		.loc 1 483 5 is_stmt 1 view .LVU151
 485 0034 FFF7FEFF 		bl	Error_Handler
 486              	.LVL10:
 487              	.L30:
 488              		.align	2
 489              	.L29:
 490 0038 00000000 		.word	hspi1
 491 003c 00300140 		.word	1073819648
 492              		.cfi_endproc
 493              	.LFE248:
 495              		.section	.text.SystemClock_Config,"ax",%progbits
 496              		.align	1
 497              		.global	SystemClock_Config
 498              		.syntax unified
 499              		.thumb
 500              		.thumb_func
 502              	SystemClock_Config:
 503              	.LFB243:
 251:Core/Src/main.c ****   RCC_OscInitTypeDef RCC_OscInitStruct = {0};
 504              		.loc 1 251 1 view -0
 505              		.cfi_startproc
 506              		@ args = 0, pretend = 0, frame = 80
 507              		@ frame_needed = 0, uses_anonymous_args = 0
 508 0000 00B5     		push	{lr}
 509              	.LCFI7:
 510              		.cfi_def_cfa_offset 4
 511              		.cfi_offset 14, -4
 512 0002 95B0     		sub	sp, sp, #84
 513              	.LCFI8:
 514              		.cfi_def_cfa_offset 88
 252:Core/Src/main.c ****   RCC_ClkInitTypeDef RCC_ClkInitStruct = {0};
ARM GAS  C:\Users\gabri\AppData\Local\Temp\cc2CDetW.s 			page 38


 515              		.loc 1 252 3 view .LVU153
 252:Core/Src/main.c ****   RCC_ClkInitTypeDef RCC_ClkInitStruct = {0};
 516              		.loc 1 252 22 is_stmt 0 view .LVU154
 517 0004 3422     		movs	r2, #52
 518 0006 0021     		movs	r1, #0
 519 0008 07A8     		add	r0, sp, #28
 520 000a FFF7FEFF 		bl	memset
 521              	.LVL11:
 253:Core/Src/main.c **** 
 522              		.loc 1 253 3 is_stmt 1 view .LVU155
 253:Core/Src/main.c **** 
 523              		.loc 1 253 22 is_stmt 0 view .LVU156
 524 000e 0023     		movs	r3, #0
 525 0010 0293     		str	r3, [sp, #8]
 526 0012 0393     		str	r3, [sp, #12]
 527 0014 0493     		str	r3, [sp, #16]
 528 0016 0593     		str	r3, [sp, #20]
 529 0018 0693     		str	r3, [sp, #24]
 257:Core/Src/main.c ****   __HAL_PWR_VOLTAGESCALING_CONFIG(PWR_REGULATOR_VOLTAGE_SCALE3);
 530              		.loc 1 257 3 is_stmt 1 view .LVU157
 531              	.LBB10:
 257:Core/Src/main.c ****   __HAL_PWR_VOLTAGESCALING_CONFIG(PWR_REGULATOR_VOLTAGE_SCALE3);
 532              		.loc 1 257 3 view .LVU158
 533 001a 0093     		str	r3, [sp]
 257:Core/Src/main.c ****   __HAL_PWR_VOLTAGESCALING_CONFIG(PWR_REGULATOR_VOLTAGE_SCALE3);
 534              		.loc 1 257 3 view .LVU159
 535 001c 1F4A     		ldr	r2, .L37
 536 001e 116C     		ldr	r1, [r2, #64]
 537 0020 41F08051 		orr	r1, r1, #268435456
 538 0024 1164     		str	r1, [r2, #64]
 257:Core/Src/main.c ****   __HAL_PWR_VOLTAGESCALING_CONFIG(PWR_REGULATOR_VOLTAGE_SCALE3);
 539              		.loc 1 257 3 view .LVU160
 540 0026 126C     		ldr	r2, [r2, #64]
 541 0028 02F08052 		and	r2, r2, #268435456
 542 002c 0092     		str	r2, [sp]
 257:Core/Src/main.c ****   __HAL_PWR_VOLTAGESCALING_CONFIG(PWR_REGULATOR_VOLTAGE_SCALE3);
 543              		.loc 1 257 3 view .LVU161
 544 002e 009A     		ldr	r2, [sp]
 545              	.LBE10:
 257:Core/Src/main.c ****   __HAL_PWR_VOLTAGESCALING_CONFIG(PWR_REGULATOR_VOLTAGE_SCALE3);
 546              		.loc 1 257 3 view .LVU162
 258:Core/Src/main.c **** 
 547              		.loc 1 258 3 view .LVU163
 548              	.LBB11:
 258:Core/Src/main.c **** 
 549              		.loc 1 258 3 view .LVU164
 550 0030 0193     		str	r3, [sp, #4]
 258:Core/Src/main.c **** 
 551              		.loc 1 258 3 view .LVU165
 552 0032 1B49     		ldr	r1, .L37+4
 553 0034 0A68     		ldr	r2, [r1]
 554 0036 22F44042 		bic	r2, r2, #49152
 555 003a 42F48042 		orr	r2, r2, #16384
 556 003e 0A60     		str	r2, [r1]
 258:Core/Src/main.c **** 
 557              		.loc 1 258 3 view .LVU166
 558 0040 0A68     		ldr	r2, [r1]
ARM GAS  C:\Users\gabri\AppData\Local\Temp\cc2CDetW.s 			page 39


 559 0042 02F44042 		and	r2, r2, #49152
 560 0046 0192     		str	r2, [sp, #4]
 258:Core/Src/main.c **** 
 561              		.loc 1 258 3 view .LVU167
 562 0048 019A     		ldr	r2, [sp, #4]
 563              	.LBE11:
 258:Core/Src/main.c **** 
 564              		.loc 1 258 3 view .LVU168
 263:Core/Src/main.c ****   RCC_OscInitStruct.HSIState = RCC_HSI_ON;
 565              		.loc 1 263 3 view .LVU169
 263:Core/Src/main.c ****   RCC_OscInitStruct.HSIState = RCC_HSI_ON;
 566              		.loc 1 263 36 is_stmt 0 view .LVU170
 567 004a 0222     		movs	r2, #2
 568 004c 0792     		str	r2, [sp, #28]
 264:Core/Src/main.c ****   RCC_OscInitStruct.HSICalibrationValue = RCC_HSICALIBRATION_DEFAULT;
 569              		.loc 1 264 3 is_stmt 1 view .LVU171
 264:Core/Src/main.c ****   RCC_OscInitStruct.HSICalibrationValue = RCC_HSICALIBRATION_DEFAULT;
 570              		.loc 1 264 30 is_stmt 0 view .LVU172
 571 004e 0121     		movs	r1, #1
 572 0050 0A91     		str	r1, [sp, #40]
 265:Core/Src/main.c ****   RCC_OscInitStruct.PLL.PLLState = RCC_PLL_ON;
 573              		.loc 1 265 3 is_stmt 1 view .LVU173
 265:Core/Src/main.c ****   RCC_OscInitStruct.PLL.PLLState = RCC_PLL_ON;
 574              		.loc 1 265 41 is_stmt 0 view .LVU174
 575 0052 1021     		movs	r1, #16
 576 0054 0B91     		str	r1, [sp, #44]
 266:Core/Src/main.c ****   RCC_OscInitStruct.PLL.PLLSource = RCC_PLLSOURCE_HSI;
 577              		.loc 1 266 3 is_stmt 1 view .LVU175
 266:Core/Src/main.c ****   RCC_OscInitStruct.PLL.PLLSource = RCC_PLLSOURCE_HSI;
 578              		.loc 1 266 34 is_stmt 0 view .LVU176
 579 0056 0D92     		str	r2, [sp, #52]
 267:Core/Src/main.c ****   RCC_OscInitStruct.PLL.PLLM = 16;
 580              		.loc 1 267 3 is_stmt 1 view .LVU177
 267:Core/Src/main.c ****   RCC_OscInitStruct.PLL.PLLM = 16;
 581              		.loc 1 267 35 is_stmt 0 view .LVU178
 582 0058 0E93     		str	r3, [sp, #56]
 268:Core/Src/main.c ****   RCC_OscInitStruct.PLL.PLLN = 336;
 583              		.loc 1 268 3 is_stmt 1 view .LVU179
 268:Core/Src/main.c ****   RCC_OscInitStruct.PLL.PLLN = 336;
 584              		.loc 1 268 30 is_stmt 0 view .LVU180
 585 005a 0F91     		str	r1, [sp, #60]
 269:Core/Src/main.c ****   RCC_OscInitStruct.PLL.PLLP = RCC_PLLP_DIV4;
 586              		.loc 1 269 3 is_stmt 1 view .LVU181
 269:Core/Src/main.c ****   RCC_OscInitStruct.PLL.PLLP = RCC_PLLP_DIV4;
 587              		.loc 1 269 30 is_stmt 0 view .LVU182
 588 005c 4FF4A873 		mov	r3, #336
 589 0060 1093     		str	r3, [sp, #64]
 270:Core/Src/main.c ****   RCC_OscInitStruct.PLL.PLLQ = 2;
 590              		.loc 1 270 3 is_stmt 1 view .LVU183
 270:Core/Src/main.c ****   RCC_OscInitStruct.PLL.PLLQ = 2;
 591              		.loc 1 270 30 is_stmt 0 view .LVU184
 592 0062 0423     		movs	r3, #4
 593 0064 1193     		str	r3, [sp, #68]
 271:Core/Src/main.c ****   RCC_OscInitStruct.PLL.PLLR = 2;
 594              		.loc 1 271 3 is_stmt 1 view .LVU185
 271:Core/Src/main.c ****   RCC_OscInitStruct.PLL.PLLR = 2;
 595              		.loc 1 271 30 is_stmt 0 view .LVU186
ARM GAS  C:\Users\gabri\AppData\Local\Temp\cc2CDetW.s 			page 40


 596 0066 1292     		str	r2, [sp, #72]
 272:Core/Src/main.c ****   if (HAL_RCC_OscConfig(&RCC_OscInitStruct) != HAL_OK)
 597              		.loc 1 272 3 is_stmt 1 view .LVU187
 272:Core/Src/main.c ****   if (HAL_RCC_OscConfig(&RCC_OscInitStruct) != HAL_OK)
 598              		.loc 1 272 30 is_stmt 0 view .LVU188
 599 0068 1392     		str	r2, [sp, #76]
 273:Core/Src/main.c ****   {
 600              		.loc 1 273 3 is_stmt 1 view .LVU189
 273:Core/Src/main.c ****   {
 601              		.loc 1 273 7 is_stmt 0 view .LVU190
 602 006a 07A8     		add	r0, sp, #28
 603 006c FFF7FEFF 		bl	HAL_RCC_OscConfig
 604              	.LVL12:
 273:Core/Src/main.c ****   {
 605              		.loc 1 273 6 view .LVU191
 606 0070 80B9     		cbnz	r0, .L35
 280:Core/Src/main.c ****                               |RCC_CLOCKTYPE_PCLK1|RCC_CLOCKTYPE_PCLK2;
 607              		.loc 1 280 3 is_stmt 1 view .LVU192
 280:Core/Src/main.c ****                               |RCC_CLOCKTYPE_PCLK1|RCC_CLOCKTYPE_PCLK2;
 608              		.loc 1 280 31 is_stmt 0 view .LVU193
 609 0072 0F23     		movs	r3, #15
 610 0074 0293     		str	r3, [sp, #8]
 282:Core/Src/main.c ****   RCC_ClkInitStruct.AHBCLKDivider = RCC_SYSCLK_DIV1;
 611              		.loc 1 282 3 is_stmt 1 view .LVU194
 282:Core/Src/main.c ****   RCC_ClkInitStruct.AHBCLKDivider = RCC_SYSCLK_DIV1;
 612              		.loc 1 282 34 is_stmt 0 view .LVU195
 613 0076 0221     		movs	r1, #2
 614 0078 0391     		str	r1, [sp, #12]
 283:Core/Src/main.c ****   RCC_ClkInitStruct.APB1CLKDivider = RCC_HCLK_DIV2;
 615              		.loc 1 283 3 is_stmt 1 view .LVU196
 283:Core/Src/main.c ****   RCC_ClkInitStruct.APB1CLKDivider = RCC_HCLK_DIV2;
 616              		.loc 1 283 35 is_stmt 0 view .LVU197
 617 007a 0023     		movs	r3, #0
 618 007c 0493     		str	r3, [sp, #16]
 284:Core/Src/main.c ****   RCC_ClkInitStruct.APB2CLKDivider = RCC_HCLK_DIV1;
 619              		.loc 1 284 3 is_stmt 1 view .LVU198
 284:Core/Src/main.c ****   RCC_ClkInitStruct.APB2CLKDivider = RCC_HCLK_DIV1;
 620              		.loc 1 284 36 is_stmt 0 view .LVU199
 621 007e 4FF48052 		mov	r2, #4096
 622 0082 0592     		str	r2, [sp, #20]
 285:Core/Src/main.c **** 
 623              		.loc 1 285 3 is_stmt 1 view .LVU200
 285:Core/Src/main.c **** 
 624              		.loc 1 285 36 is_stmt 0 view .LVU201
 625 0084 0693     		str	r3, [sp, #24]
 287:Core/Src/main.c ****   {
 626              		.loc 1 287 3 is_stmt 1 view .LVU202
 287:Core/Src/main.c ****   {
 627              		.loc 1 287 7 is_stmt 0 view .LVU203
 628 0086 02A8     		add	r0, sp, #8
 629 0088 FFF7FEFF 		bl	HAL_RCC_ClockConfig
 630              	.LVL13:
 287:Core/Src/main.c ****   {
 631              		.loc 1 287 6 view .LVU204
 632 008c 20B9     		cbnz	r0, .L36
 291:Core/Src/main.c **** 
 633              		.loc 1 291 1 view .LVU205
ARM GAS  C:\Users\gabri\AppData\Local\Temp\cc2CDetW.s 			page 41


 634 008e 15B0     		add	sp, sp, #84
 635              	.LCFI9:
 636              		.cfi_remember_state
 637              		.cfi_def_cfa_offset 4
 638              		@ sp needed
 639 0090 5DF804FB 		ldr	pc, [sp], #4
 640              	.L35:
 641              	.LCFI10:
 642              		.cfi_restore_state
 275:Core/Src/main.c ****   }
 643              		.loc 1 275 5 is_stmt 1 view .LVU206
 644 0094 FFF7FEFF 		bl	Error_Handler
 645              	.LVL14:
 646              	.L36:
 289:Core/Src/main.c ****   }
 647              		.loc 1 289 5 view .LVU207
 648 0098 FFF7FEFF 		bl	Error_Handler
 649              	.LVL15:
 650              	.L38:
 651              		.align	2
 652              	.L37:
 653 009c 00380240 		.word	1073887232
 654 00a0 00700040 		.word	1073770496
 655              		.cfi_endproc
 656              	.LFE243:
 658              		.section	.rodata.main.str1.4,"aMS",%progbits,1
 659              		.align	2
 660              	.LC0:
 661 0000 53746172 		.ascii	"Start!\015\012\000"
 661      74210D0A 
 661      00
 662 0009 000000   		.align	2
 663              	.LC1:
 664 000c 5472616E 		.ascii	"Transmited Data\015\012\000"
 664      736D6974 
 664      65642044 
 664      6174610D 
 664      0A00
 665 001e 0000     		.align	2
 666              	.LC2:
 667 0020 5472616E 		.ascii	"Transmit Failed\015\012\000"
 667      736D6974 
 667      20466169 
 667      6C65640D 
 667      0A00
 668 0032 0000     		.align	2
 669              	.LC3:
 670 0034 4661696C 		.ascii	"Failed\015\012\000"
 670      65640D0A 
 670      00
 671              		.global	__aeabi_i2d
 672              		.global	__aeabi_ddiv
 673              		.global	__aeabi_d2uiz
 674 003d 000000   		.align	2
 675              	.LC4:
 676 0040 25750D0A 		.ascii	"%u\015\012\000"
 676      00
ARM GAS  C:\Users\gabri\AppData\Local\Temp\cc2CDetW.s 			page 42


 677              		.section	.text.main,"ax",%progbits
 678              		.align	1
 679              		.global	main
 680              		.syntax unified
 681              		.thumb
 682              		.thumb_func
 684              	main:
 685              	.LFB242:
 100:Core/Src/main.c **** 
 686              		.loc 1 100 1 view -0
 687              		.cfi_startproc
 688              		@ args = 0, pretend = 0, frame = 72
 689              		@ frame_needed = 0, uses_anonymous_args = 0
 690 0000 30B5     		push	{r4, r5, lr}
 691              	.LCFI11:
 692              		.cfi_def_cfa_offset 12
 693              		.cfi_offset 4, -12
 694              		.cfi_offset 5, -8
 695              		.cfi_offset 14, -4
 696 0002 95B0     		sub	sp, sp, #84
 697              	.LCFI12:
 698              		.cfi_def_cfa_offset 96
 110:Core/Src/main.c **** 
 699              		.loc 1 110 3 view .LVU209
 700 0004 FFF7FEFF 		bl	HAL_Init
 701              	.LVL16:
 114:Core/Src/main.c ****   char str[32], str2[32];
 702              		.loc 1 114 3 view .LVU210
 115:Core/Src/main.c ****   uint32_t analog_value;
 703              		.loc 1 115 3 view .LVU211
 116:Core/Src/main.c ****   int size_len;
 704              		.loc 1 116 3 view .LVU212
 117:Core/Src/main.c ****   uint16_t addr = 4;
 705              		.loc 1 117 3 view .LVU213
 118:Core/Src/main.c ****   HAL_StatusTypeDef ret;
 706              		.loc 1 118 3 view .LVU214
 119:Core/Src/main.c ****   uint16_t ADCData = 0;
 707              		.loc 1 119 3 view .LVU215
 120:Core/Src/main.c ****   uint8_t pinValue = 1;
 708              		.loc 1 120 3 view .LVU216
 121:Core/Src/main.c ****   
 709              		.loc 1 121 3 view .LVU217
 127:Core/Src/main.c **** 
 710              		.loc 1 127 3 view .LVU218
 711 0008 FFF7FEFF 		bl	SystemClock_Config
 712              	.LVL17:
 134:Core/Src/main.c ****   MX_USART2_UART_Init();
 713              		.loc 1 134 3 view .LVU219
 714 000c FFF7FEFF 		bl	MX_GPIO_Init
 715              	.LVL18:
 135:Core/Src/main.c ****   MX_I2C1_Init();
 716              		.loc 1 135 3 view .LVU220
 717 0010 FFF7FEFF 		bl	MX_USART2_UART_Init
 718              	.LVL19:
 136:Core/Src/main.c ****   MX_I2C2_Init();
 719              		.loc 1 136 3 view .LVU221
 720 0014 FFF7FEFF 		bl	MX_I2C1_Init
ARM GAS  C:\Users\gabri\AppData\Local\Temp\cc2CDetW.s 			page 43


 721              	.LVL20:
 137:Core/Src/main.c ****   //MX_ADC1_Init();
 722              		.loc 1 137 3 view .LVU222
 723 0018 FFF7FEFF 		bl	MX_I2C2_Init
 724              	.LVL21:
 139:Core/Src/main.c ****   ADC_Init(pinValue);
 725              		.loc 1 139 3 view .LVU223
 726 001c FFF7FEFF 		bl	MX_SPI1_Init
 727              	.LVL22:
 140:Core/Src/main.c ****   /* USER CODE BEGIN 2 */
 728              		.loc 1 140 3 view .LVU224
 729 0020 0120     		movs	r0, #1
 730 0022 FFF7FEFF 		bl	ADC_Init
 731              	.LVL23:
 143:Core/Src/main.c ****   HAL_UART_Transmit(&huart2, buf, strlen((char*)buf), HAL_MAX_DELAY);
 732              		.loc 1 143 3 view .LVU225
 733 0026 504A     		ldr	r2, .L46
 734 0028 11AB     		add	r3, sp, #68
 735 002a 07CA     		ldm	r2, {r0, r1, r2}
 736 002c 03C3     		stmia	r3!, {r0, r1}
 737 002e 1A70     		strb	r2, [r3]
 144:Core/Src/main.c ****   //strcpy((char*)buf, "Hello!\r\n");
 738              		.loc 1 144 3 view .LVU226
 144:Core/Src/main.c ****   //strcpy((char*)buf, "Hello!\r\n");
 739              		.loc 1 144 35 is_stmt 0 view .LVU227
 740 0030 11A8     		add	r0, sp, #68
 741 0032 FFF7FEFF 		bl	strlen
 742              	.LVL24:
 144:Core/Src/main.c ****   //strcpy((char*)buf, "Hello!\r\n");
 743              		.loc 1 144 3 view .LVU228
 744 0036 4FF0FF33 		mov	r3, #-1
 745 003a 82B2     		uxth	r2, r0
 746 003c 11A9     		add	r1, sp, #68
 747 003e 4B48     		ldr	r0, .L46+4
 748 0040 FFF7FEFF 		bl	HAL_UART_Transmit
 749              	.LVL25:
 148:Core/Src/main.c ****   ret = HAL_I2C_Master_Transmit(&hi2c2, 0x46, 0x01, 1, 200);
 750              		.loc 1 148 3 is_stmt 1 view .LVU229
 751 0044 0023     		movs	r3, #0
 752 0046 8DF84030 		strb	r3, [sp, #64]
 149:Core/Src/main.c ****   if(ret == HAL_OK){
 753              		.loc 1 149 3 view .LVU230
 149:Core/Src/main.c ****   if(ret == HAL_OK){
 754              		.loc 1 149 9 is_stmt 0 view .LVU231
 755 004a C823     		movs	r3, #200
 756 004c 0093     		str	r3, [sp]
 757 004e 0123     		movs	r3, #1
 758 0050 1A46     		mov	r2, r3
 759 0052 4621     		movs	r1, #70
 760 0054 4648     		ldr	r0, .L46+8
 761 0056 FFF7FEFF 		bl	HAL_I2C_Master_Transmit
 762              	.LVL26:
 150:Core/Src/main.c ****     strcpy((char*)serialbuf, "");
 763              		.loc 1 150 3 is_stmt 1 view .LVU232
 150:Core/Src/main.c ****     strcpy((char*)serialbuf, "");
 764              		.loc 1 150 5 is_stmt 0 view .LVU233
 765 005a B0B9     		cbnz	r0, .L40
ARM GAS  C:\Users\gabri\AppData\Local\Temp\cc2CDetW.s 			page 44


 151:Core/Src/main.c ****     strcpy((char*)serialbuf, "Transmited Data\r\n");
 766              		.loc 1 151 5 is_stmt 1 view .LVU234
 767 005c 0023     		movs	r3, #0
 768 005e 8DF82C30 		strb	r3, [sp, #44]
 152:Core/Src/main.c ****     HAL_UART_Transmit(&huart2, serialbuf, strlen((char*)serialbuf), HAL_MAX_DELAY);
 769              		.loc 1 152 5 view .LVU235
 770 0062 0BAC     		add	r4, sp, #44
 771 0064 434D     		ldr	r5, .L46+12
 772 0066 0FCD     		ldmia	r5!, {r0, r1, r2, r3}
 773              	.LVL27:
 152:Core/Src/main.c ****     HAL_UART_Transmit(&huart2, serialbuf, strlen((char*)serialbuf), HAL_MAX_DELAY);
 774              		.loc 1 152 5 is_stmt 0 view .LVU236
 775 0068 0FC4     		stmia	r4!, {r0, r1, r2, r3}
 776 006a 2B68     		ldr	r3, [r5]
 777 006c 2380     		strh	r3, [r4]	@ movhi
 153:Core/Src/main.c ****   }else{
 778              		.loc 1 153 5 is_stmt 1 view .LVU237
 153:Core/Src/main.c ****   }else{
 779              		.loc 1 153 43 is_stmt 0 view .LVU238
 780 006e 0BA8     		add	r0, sp, #44
 781 0070 FFF7FEFF 		bl	strlen
 782              	.LVL28:
 153:Core/Src/main.c ****   }else{
 783              		.loc 1 153 5 view .LVU239
 784 0074 4FF0FF33 		mov	r3, #-1
 785 0078 82B2     		uxth	r2, r0
 786 007a 0BA9     		add	r1, sp, #44
 787 007c 3B48     		ldr	r0, .L46+4
 788 007e FFF7FEFF 		bl	HAL_UART_Transmit
 789              	.LVL29:
 790              	.L41:
 162:Core/Src/main.c **** 
 791              		.loc 1 162 3 is_stmt 1 view .LVU240
 792 0082 C820     		movs	r0, #200
 793 0084 FFF7FEFF 		bl	HAL_Delay
 794              	.LVL30:
 795 0088 47E0     		b	.L43
 796              	.LVL31:
 797              	.L40:
 155:Core/Src/main.c ****     strcpy((char*)serialbuf, "Transmit Failed\r\n");
 798              		.loc 1 155 5 view .LVU241
 799 008a 0023     		movs	r3, #0
 800 008c 8DF82C30 		strb	r3, [sp, #44]
 156:Core/Src/main.c ****     HAL_UART_Transmit(&huart2, serialbuf, strlen((char*)serialbuf), HAL_MAX_DELAY);
 801              		.loc 1 156 5 view .LVU242
 802 0090 0BAC     		add	r4, sp, #44
 803 0092 394D     		ldr	r5, .L46+16
 804 0094 0FCD     		ldmia	r5!, {r0, r1, r2, r3}
 805              	.LVL32:
 156:Core/Src/main.c ****     HAL_UART_Transmit(&huart2, serialbuf, strlen((char*)serialbuf), HAL_MAX_DELAY);
 806              		.loc 1 156 5 is_stmt 0 view .LVU243
 807 0096 0FC4     		stmia	r4!, {r0, r1, r2, r3}
 808 0098 2B68     		ldr	r3, [r5]
 809 009a 2380     		strh	r3, [r4]	@ movhi
 157:Core/Src/main.c ****   }
 810              		.loc 1 157 5 is_stmt 1 view .LVU244
 157:Core/Src/main.c ****   }
ARM GAS  C:\Users\gabri\AppData\Local\Temp\cc2CDetW.s 			page 45


 811              		.loc 1 157 43 is_stmt 0 view .LVU245
 812 009c 0BA8     		add	r0, sp, #44
 813 009e FFF7FEFF 		bl	strlen
 814              	.LVL33:
 157:Core/Src/main.c ****   }
 815              		.loc 1 157 5 view .LVU246
 816 00a2 4FF0FF33 		mov	r3, #-1
 817 00a6 82B2     		uxth	r2, r0
 818 00a8 0BA9     		add	r1, sp, #44
 819 00aa 3048     		ldr	r0, .L46+4
 820 00ac FFF7FEFF 		bl	HAL_UART_Transmit
 821              	.LVL34:
 822 00b0 E7E7     		b	.L41
 823              	.LVL35:
 824              	.L45:
 825              	.LBB12:
 227:Core/Src/main.c ****         strcpy((char*)serialbuf, "Failed\r\n");
 826              		.loc 1 227 9 is_stmt 1 view .LVU247
 827 00b2 0023     		movs	r3, #0
 828 00b4 8DF82C30 		strb	r3, [sp, #44]
 228:Core/Src/main.c ****         HAL_UART_Transmit(&huart2, serialbuf, strlen((char*)serialbuf), HAL_MAX_DELAY);
 829              		.loc 1 228 9 view .LVU248
 830 00b8 304A     		ldr	r2, .L46+20
 831 00ba 0BAB     		add	r3, sp, #44
 832 00bc 07CA     		ldm	r2, {r0, r1, r2}
 833              	.LVL36:
 228:Core/Src/main.c ****         HAL_UART_Transmit(&huart2, serialbuf, strlen((char*)serialbuf), HAL_MAX_DELAY);
 834              		.loc 1 228 9 is_stmt 0 view .LVU249
 835 00be 03C3     		stmia	r3!, {r0, r1}
 836 00c0 1A70     		strb	r2, [r3]
 229:Core/Src/main.c ****     }
 837              		.loc 1 229 9 is_stmt 1 view .LVU250
 229:Core/Src/main.c ****     }
 838              		.loc 1 229 47 is_stmt 0 view .LVU251
 839 00c2 0BA8     		add	r0, sp, #44
 840 00c4 FFF7FEFF 		bl	strlen
 841              	.LVL37:
 229:Core/Src/main.c ****     }
 842              		.loc 1 229 9 view .LVU252
 843 00c8 4FF0FF33 		mov	r3, #-1
 844 00cc 82B2     		uxth	r2, r0
 845 00ce 0BA9     		add	r1, sp, #44
 846 00d0 2648     		ldr	r0, .L46+4
 847 00d2 FFF7FEFF 		bl	HAL_UART_Transmit
 848              	.LVL38:
 849              	.L42:
 232:Core/Src/main.c ****       //float lux = raw_lux/1.2;
 850              		.loc 1 232 5 is_stmt 1 view .LVU253
 232:Core/Src/main.c ****       //float lux = raw_lux/1.2;
 851              		.loc 1 232 33 is_stmt 0 view .LVU254
 852 00d6 9DF84000 		ldrb	r0, [sp, #64]	@ zero_extendqisi2
 232:Core/Src/main.c ****       //float lux = raw_lux/1.2;
 853              		.loc 1 232 51 view .LVU255
 854 00da 9DF84130 		ldrb	r3, [sp, #65]	@ zero_extendqisi2
 232:Core/Src/main.c ****       //float lux = raw_lux/1.2;
 855              		.loc 1 232 55 view .LVU256
 856 00de 43EA0020 		orr	r0, r3, r0, lsl #8
ARM GAS  C:\Users\gabri\AppData\Local\Temp\cc2CDetW.s 			page 46


 857 00e2 FFF7FEFF 		bl	__aeabi_i2d
 858              	.LVL39:
 859 00e6 4FF03332 		mov	r2, #858993459
 860 00ea 254B     		ldr	r3, .L46+24
 861 00ec FFF7FEFF 		bl	__aeabi_ddiv
 862              	.LVL40:
 232:Core/Src/main.c ****       //float lux = raw_lux/1.2;
 863              		.loc 1 232 14 view .LVU257
 864 00f0 FFF7FEFF 		bl	__aeabi_d2uiz
 865              	.LVL41:
 235:Core/Src/main.c ****     HAL_UART_Transmit(&huart2, (uint8_t*)str2, strlen(str2), HAL_MAX_DELAY);
 866              		.loc 1 235 5 is_stmt 1 view .LVU258
 867 00f4 82B2     		uxth	r2, r0
 868 00f6 2349     		ldr	r1, .L46+28
 869 00f8 03A8     		add	r0, sp, #12
 870              	.LVL42:
 235:Core/Src/main.c ****     HAL_UART_Transmit(&huart2, (uint8_t*)str2, strlen(str2), HAL_MAX_DELAY);
 871              		.loc 1 235 5 is_stmt 0 view .LVU259
 872 00fa FFF7FEFF 		bl	sprintf
 873              	.LVL43:
 236:Core/Src/main.c ****     HAL_Delay(500);
 874              		.loc 1 236 5 is_stmt 1 view .LVU260
 236:Core/Src/main.c ****     HAL_Delay(500);
 875              		.loc 1 236 48 is_stmt 0 view .LVU261
 876 00fe 03A8     		add	r0, sp, #12
 877 0100 FFF7FEFF 		bl	strlen
 878              	.LVL44:
 236:Core/Src/main.c ****     HAL_Delay(500);
 879              		.loc 1 236 5 view .LVU262
 880 0104 4FF0FF33 		mov	r3, #-1
 881 0108 82B2     		uxth	r2, r0
 882 010a 03A9     		add	r1, sp, #12
 883 010c 1748     		ldr	r0, .L46+4
 884 010e FFF7FEFF 		bl	HAL_UART_Transmit
 885              	.LVL45:
 237:Core/Src/main.c ****     
 886              		.loc 1 237 5 is_stmt 1 view .LVU263
 887 0112 4FF4FA70 		mov	r0, #500
 888 0116 FFF7FEFF 		bl	HAL_Delay
 889              	.LVL46:
 890              	.LBE12:
 169:Core/Src/main.c ****   {
 891              		.loc 1 169 9 view .LVU264
 892              	.L43:
 169:Core/Src/main.c ****   {
 893              		.loc 1 169 3 view .LVU265
 894              	.LBB13:
 171:Core/Src/main.c ****     
 895              		.loc 1 171 5 view .LVU266
 896 011a FFF7FEFF 		bl	ADC_conversion
 897              	.LVL47:
 174:Core/Src/main.c **** 
 898              		.loc 1 174 5 view .LVU267
 174:Core/Src/main.c **** 
 899              		.loc 1 174 15 is_stmt 0 view .LVU268
 900 011e FFF7FEFF 		bl	ADC_read
 901              	.LVL48:
ARM GAS  C:\Users\gabri\AppData\Local\Temp\cc2CDetW.s 			page 47


 186:Core/Src/main.c ****     ret = HAL_I2C_Master_Transmit(&hi2c2, 0x46, 0x03, 1, 200);
 902              		.loc 1 186 5 is_stmt 1 view .LVU269
 903 0122 0023     		movs	r3, #0
 904 0124 8DF84030 		strb	r3, [sp, #64]
 187:Core/Src/main.c ****     /*
 905              		.loc 1 187 5 view .LVU270
 187:Core/Src/main.c ****     /*
 906              		.loc 1 187 11 is_stmt 0 view .LVU271
 907 0128 114D     		ldr	r5, .L46+8
 908 012a C824     		movs	r4, #200
 909 012c 0094     		str	r4, [sp]
 910 012e 0123     		movs	r3, #1
 911 0130 0322     		movs	r2, #3
 912 0132 4621     		movs	r1, #70
 913 0134 2846     		mov	r0, r5
 914 0136 FFF7FEFF 		bl	HAL_I2C_Master_Transmit
 915              	.LVL49:
 200:Core/Src/main.c **** 
 916              		.loc 1 200 5 is_stmt 1 view .LVU272
 917 013a 2046     		mov	r0, r4
 918 013c FFF7FEFF 		bl	HAL_Delay
 919              	.LVL50:
 202:Core/Src/main.c ****     /*
 920              		.loc 1 202 5 view .LVU273
 202:Core/Src/main.c ****     /*
 921              		.loc 1 202 11 is_stmt 0 view .LVU274
 922 0140 0094     		str	r4, [sp]
 923 0142 0123     		movs	r3, #1
 924 0144 1022     		movs	r2, #16
 925 0146 4621     		movs	r1, #70
 926 0148 2846     		mov	r0, r5
 927 014a FFF7FEFF 		bl	HAL_I2C_Master_Transmit
 928              	.LVL51:
 215:Core/Src/main.c **** 
 929              		.loc 1 215 3 is_stmt 1 view .LVU275
 930 014e 2046     		mov	r0, r4
 931 0150 FFF7FEFF 		bl	HAL_Delay
 932              	.LVL52:
 218:Core/Src/main.c ****     if(ret != HAL_OK){      
 933              		.loc 1 218 5 view .LVU276
 218:Core/Src/main.c ****     if(ret != HAL_OK){      
 934              		.loc 1 218 11 is_stmt 0 view .LVU277
 935 0154 0094     		str	r4, [sp]
 936 0156 0223     		movs	r3, #2
 937 0158 10AA     		add	r2, sp, #64
 938 015a 4721     		movs	r1, #71
 939 015c 2846     		mov	r0, r5
 940 015e FFF7FEFF 		bl	HAL_I2C_Master_Receive
 941              	.LVL53:
 219:Core/Src/main.c ****       //size_len = sprintf(str, "%lu\r\n", i2c_buf);
 942              		.loc 1 219 5 is_stmt 1 view .LVU278
 219:Core/Src/main.c ****       //size_len = sprintf(str, "%lu\r\n", i2c_buf);
 943              		.loc 1 219 7 is_stmt 0 view .LVU279
 944 0162 0028     		cmp	r0, #0
 945 0164 A5D1     		bne	.L45
 946 0166 B6E7     		b	.L42
 947              	.L47:
ARM GAS  C:\Users\gabri\AppData\Local\Temp\cc2CDetW.s 			page 48


 948              		.align	2
 949              	.L46:
 950 0168 00000000 		.word	.LC0
 951 016c 00000000 		.word	huart2
 952 0170 00000000 		.word	hi2c2
 953 0174 0C000000 		.word	.LC1
 954 0178 20000000 		.word	.LC2
 955 017c 34000000 		.word	.LC3
 956 0180 3333F33F 		.word	1072902963
 957 0184 40000000 		.word	.LC4
 958              	.LBE13:
 959              		.cfi_endproc
 960              	.LFE242:
 962              		.global	buff
 963              		.section	.bss.buff,"aw",%nobits
 964              		.align	2
 967              	buff:
 968 0000 0000     		.space	2
 969              		.global	hspi1
 970              		.section	.bss.hspi1,"aw",%nobits
 971              		.align	2
 974              	hspi1:
 975 0000 00000000 		.space	88
 975      00000000 
 975      00000000 
 975      00000000 
 975      00000000 
 976              		.global	huart2
 977              		.section	.bss.huart2,"aw",%nobits
 978              		.align	2
 981              	huart2:
 982 0000 00000000 		.space	72
 982      00000000 
 982      00000000 
 982      00000000 
 982      00000000 
 983              		.global	hi2c2
 984              		.section	.bss.hi2c2,"aw",%nobits
 985              		.align	2
 988              	hi2c2:
 989 0000 00000000 		.space	84
 989      00000000 
 989      00000000 
 989      00000000 
 989      00000000 
 990              		.global	hi2c1
 991              		.section	.bss.hi2c1,"aw",%nobits
 992              		.align	2
 995              	hi2c1:
 996 0000 00000000 		.space	84
 996      00000000 
 996      00000000 
 996      00000000 
 996      00000000 
 997              		.global	hadc1
 998              		.section	.bss.hadc1,"aw",%nobits
 999              		.align	2
ARM GAS  C:\Users\gabri\AppData\Local\Temp\cc2CDetW.s 			page 49


 1002              	hadc1:
 1003 0000 00000000 		.space	72
 1003      00000000 
 1003      00000000 
 1003      00000000 
 1003      00000000 
 1004              		.text
 1005              	.Letext0:
 1006              		.file 3 "C:\\ST\\STM32CubeCLT_1.17.0\\GNU-tools-for-STM32\\bin/../lib/gcc/arm-none-eabi/12.3.1/../
 1007              		.file 4 "C:\\ST\\STM32CubeCLT_1.17.0\\GNU-tools-for-STM32\\bin/../lib/gcc/arm-none-eabi/12.3.1/../
 1008              		.file 5 "Drivers/CMSIS/Device/ST/STM32F4xx/Include/stm32f446xx.h"
 1009              		.file 6 "Drivers/CMSIS/Device/ST/STM32F4xx/Include/stm32f4xx.h"
 1010              		.file 7 "C:\\ST\\STM32CubeCLT_1.17.0\\GNU-tools-for-STM32\\bin/../lib/gcc/arm-none-eabi/12.3.1/inc
 1011              		.file 8 "Drivers/STM32F4xx_HAL_Driver/Inc/stm32f4xx_hal_def.h"
 1012              		.file 9 "Drivers/STM32F4xx_HAL_Driver/Inc/stm32f4xx_hal_rcc_ex.h"
 1013              		.file 10 "Drivers/STM32F4xx_HAL_Driver/Inc/stm32f4xx_hal_rcc.h"
 1014              		.file 11 "Drivers/STM32F4xx_HAL_Driver/Inc/stm32f4xx_hal_gpio.h"
 1015              		.file 12 "Drivers/STM32F4xx_HAL_Driver/Inc/stm32f4xx_hal_dma.h"
 1016              		.file 13 "Drivers/STM32F4xx_HAL_Driver/Inc/stm32f4xx_hal_adc.h"
 1017              		.file 14 "Drivers/STM32F4xx_HAL_Driver/Inc/stm32f4xx_hal_i2c.h"
 1018              		.file 15 "Drivers/STM32F4xx_HAL_Driver/Inc/stm32f4xx_hal_spi.h"
 1019              		.file 16 "Drivers/STM32F4xx_HAL_Driver/Inc/stm32f4xx_hal_uart.h"
 1020              		.file 17 "C:\\ST\\STM32CubeCLT_1.17.0\\GNU-tools-for-STM32\\bin/../lib/gcc/arm-none-eabi/12.3.1/..
 1021              		.file 18 "Drivers/STM32F4xx_HAL_Driver/Inc/stm32f4xx_hal.h"
 1022              		.file 19 "C:\\ST\\STM32CubeCLT_1.17.0\\GNU-tools-for-STM32\\bin/../lib/gcc/arm-none-eabi/12.3.1/..
 1023              		.file 20 "<built-in>"
ARM GAS  C:\Users\gabri\AppData\Local\Temp\cc2CDetW.s 			page 50


DEFINED SYMBOLS
                            *ABS*:00000000 main.c
C:\Users\gabri\AppData\Local\Temp\cc2CDetW.s:21     .text.MX_GPIO_Init:00000000 $t
C:\Users\gabri\AppData\Local\Temp\cc2CDetW.s:26     .text.MX_GPIO_Init:00000000 MX_GPIO_Init
C:\Users\gabri\AppData\Local\Temp\cc2CDetW.s:165    .text.MX_GPIO_Init:0000009c $d
C:\Users\gabri\AppData\Local\Temp\cc2CDetW.s:172    .text.Error_Handler:00000000 $t
C:\Users\gabri\AppData\Local\Temp\cc2CDetW.s:178    .text.Error_Handler:00000000 Error_Handler
C:\Users\gabri\AppData\Local\Temp\cc2CDetW.s:210    .text.MX_USART2_UART_Init:00000000 $t
C:\Users\gabri\AppData\Local\Temp\cc2CDetW.s:215    .text.MX_USART2_UART_Init:00000000 MX_USART2_UART_Init
C:\Users\gabri\AppData\Local\Temp\cc2CDetW.s:270    .text.MX_USART2_UART_Init:0000002c $d
C:\Users\gabri\AppData\Local\Temp\cc2CDetW.s:981    .bss.huart2:00000000 huart2
C:\Users\gabri\AppData\Local\Temp\cc2CDetW.s:276    .text.MX_I2C1_Init:00000000 $t
C:\Users\gabri\AppData\Local\Temp\cc2CDetW.s:281    .text.MX_I2C1_Init:00000000 MX_I2C1_Init
C:\Users\gabri\AppData\Local\Temp\cc2CDetW.s:339    .text.MX_I2C1_Init:0000002c $d
C:\Users\gabri\AppData\Local\Temp\cc2CDetW.s:995    .bss.hi2c1:00000000 hi2c1
C:\Users\gabri\AppData\Local\Temp\cc2CDetW.s:346    .text.MX_I2C2_Init:00000000 $t
C:\Users\gabri\AppData\Local\Temp\cc2CDetW.s:351    .text.MX_I2C2_Init:00000000 MX_I2C2_Init
C:\Users\gabri\AppData\Local\Temp\cc2CDetW.s:409    .text.MX_I2C2_Init:0000002c $d
C:\Users\gabri\AppData\Local\Temp\cc2CDetW.s:988    .bss.hi2c2:00000000 hi2c2
C:\Users\gabri\AppData\Local\Temp\cc2CDetW.s:416    .text.MX_SPI1_Init:00000000 $t
C:\Users\gabri\AppData\Local\Temp\cc2CDetW.s:421    .text.MX_SPI1_Init:00000000 MX_SPI1_Init
C:\Users\gabri\AppData\Local\Temp\cc2CDetW.s:490    .text.MX_SPI1_Init:00000038 $d
C:\Users\gabri\AppData\Local\Temp\cc2CDetW.s:974    .bss.hspi1:00000000 hspi1
C:\Users\gabri\AppData\Local\Temp\cc2CDetW.s:496    .text.SystemClock_Config:00000000 $t
C:\Users\gabri\AppData\Local\Temp\cc2CDetW.s:502    .text.SystemClock_Config:00000000 SystemClock_Config
C:\Users\gabri\AppData\Local\Temp\cc2CDetW.s:653    .text.SystemClock_Config:0000009c $d
C:\Users\gabri\AppData\Local\Temp\cc2CDetW.s:659    .rodata.main.str1.4:00000000 $d
C:\Users\gabri\AppData\Local\Temp\cc2CDetW.s:678    .text.main:00000000 $t
C:\Users\gabri\AppData\Local\Temp\cc2CDetW.s:684    .text.main:00000000 main
C:\Users\gabri\AppData\Local\Temp\cc2CDetW.s:950    .text.main:00000168 $d
C:\Users\gabri\AppData\Local\Temp\cc2CDetW.s:967    .bss.buff:00000000 buff
C:\Users\gabri\AppData\Local\Temp\cc2CDetW.s:964    .bss.buff:00000000 $d
C:\Users\gabri\AppData\Local\Temp\cc2CDetW.s:971    .bss.hspi1:00000000 $d
C:\Users\gabri\AppData\Local\Temp\cc2CDetW.s:978    .bss.huart2:00000000 $d
C:\Users\gabri\AppData\Local\Temp\cc2CDetW.s:985    .bss.hi2c2:00000000 $d
C:\Users\gabri\AppData\Local\Temp\cc2CDetW.s:992    .bss.hi2c1:00000000 $d
C:\Users\gabri\AppData\Local\Temp\cc2CDetW.s:1002   .bss.hadc1:00000000 hadc1
C:\Users\gabri\AppData\Local\Temp\cc2CDetW.s:999    .bss.hadc1:00000000 $d

UNDEFINED SYMBOLS
HAL_GPIO_WritePin
HAL_GPIO_Init
HAL_UART_Init
HAL_I2C_Init
HAL_SPI_Init
memset
HAL_RCC_OscConfig
HAL_RCC_ClockConfig
__aeabi_i2d
__aeabi_ddiv
__aeabi_d2uiz
HAL_Init
ADC_Init
strlen
HAL_UART_Transmit
HAL_I2C_Master_Transmit
HAL_Delay
ARM GAS  C:\Users\gabri\AppData\Local\Temp\cc2CDetW.s 			page 51


sprintf
ADC_conversion
ADC_read
HAL_I2C_Master_Receive
